{
  "schema_version": "1.0.0",
  "run_metadata": {
    "timestamp_utc": "2026-07-02T18:32:42Z",
    "mode": "dry-run",
    "years": [
      2010
    ],
    "database_path": "/home/user/projects/game/babylon/data/sqlite/marxist-data-3NF.sqlite",
    "database_sha256_pre": "c75267901071ba1aa8d8fce1e8aa65b7848a409b1c7a49ca6720776797f53fef",
    "database_sha256_post": "c75267901071ba1aa8d8fce1e8aa65b7848a409b1c7a49ca6720776797f53fef",
    "duration_seconds": 147.28775422299987,
    "babylon_git": {
      "branch": "086-qcew-loader-imputation",
      "sha": "08832aade537e94e5257bec13e5f5de108b61883"
    },
    "babylon_data_git": {
      "branch": "main",
      "sha": "fc18aff0c43e631c011a57191155d29b36f781a0"
    },
    "source_file_sha256": {
      "2010": "24cf74e2a02ddbd7f4c6ee9c92e8fca1908160a28854265768d7915d2573f743"
    },
    "table_hashes": {
      "fact_qcew_annual": "011702002d38697f5cc9e9a5d24f392d74da1f3ee5eb2c8cba0df58baa686c76",
      "fact_qcew_county_rollup": "c423b10317c59938a0d1cdc4403a8dce2c88570987d7cc7f89a77157ef37e05f"
    }
  },
  "per_year": [
    {
      "year": 2010,
      "rows_scanned": 3600171,
      "leaf_rows": 985152,
      "constraint_rows": 16043,
      "excluded": {
        "us_national": 4773,
        "msa": 550589,
        "statewide": 142731,
        "ss999_unknown_county": 63256,
        "fips_not_in_dim_county": 2503,
        "duplicate_identity_rows": 0,
        "agglvl_72_73_unused": 87930
      },
      "suppression": {
        "leaf_cells": 985152,
        "suppressed_cells": 712981,
        "suppression_rate": 0.7237268969661534,
        "exact_recovery": 541653,
        "estabs_apportioned": 171288,
        "equal_split": 38,
        "zero_negative_remainder": 2
      },
      "reconciliation": {
        "counties": 3220,
        "within_2pct_employment": 3219,
        "within_2pct_employment_pct": 99.96894409937889,
        "within_2pct_wages": 3219,
        "within_2pct_wages_pct": 99.96894409937889,
        "residual_abs_pct": {
          "p50": 0.015072349131097323,
          "p90": 0.0653274538624857,
          "p99": 0.21156558533145275,
          "max": 630.379746835443
        },
        "outliers": [
          {
            "county_fips": "42113",
            "metric": "employment",
            "published": 0.0,
            "reconstructed": 0.0,
            "delta_pct": 630.379746835443
          }
        ],
        "low_confidence_county_years": [
          {
            "county_fips": "42113",
            "reason": "county_total_suppressed"
          }
        ]
      },
      "national_check": {
        "sum_counties_employment": 126464161,
        "excluded_pseudo_mass_employment": 1884833,
        "bls_us000_employment": 127820442,
        "delta_pct": 0.413511322390827,
        "pass": true
      }
    }
  ],
  "identity_resolutions": {
    "shannon_to_oglala_rows": 294,
    "shannon_2015_duplicates_dropped": 0,
    "ct_2024_planning_regions": false
  },
  "sc_gates": {
    "sc001_employment_99pct_within_2pct": true,
    "sc002_wages_99pct_within_2pct": true,
    "sc003_wayne_2010_within_2pct": true,
    "sc004_ownership_95pct_within_2pct": null,
    "sc005_national_within_1pct": true,
    "sc006_provenance_marker_total": null,
    "sc008_table_hashes_reproduced": null
  }
}
