county_fips,state_po,county_name,rep_votes,total_votes,rep_vote_share
01001,AL,Autauga County,20484,28281,0.724303
01003,AL,Baldwin County,95798,122249,0.783630
01005,AL,Barbour County,5606,9855,0.568848
01007,AL,Bibb County,7572,9257,0.817976
01009,AL,Blount County,25354,28163,0.900259
01011,AL,Bullock County,1101,4111,0.267818
01013,AL,Butler County,5172,8480,0.609906
01015,AL,Calhoun County,34912,48653,0.717571
01017,AL,Chambers County,8711,14245,0.611513
01019,AL,Cherokee County,11358,13006,0.873289
01021,AL,Chilton County,16920,19763,0.856145
01023,AL,Choctaw County,4103,6656,0.616436
01025,AL,Clarke County,6965,11958,0.582455
01027,AL,Clay County,5734,6767,0.847347
01029,AL,Cleburne County,6988,7651,0.913345
01031,AL,Coffee County,17495,22319,0.783861
01033,AL,Colbert County,19714,27160,0.725847
01035,AL,Conecuh County,3423,6051,0.565692
01037,AL,Coosa County,3758,5268,0.713364
01039,AL,Covington County,14677,17095,0.858555
01041,AL,Crenshaw County,5000,6486,0.770891
01043,AL,Cullman County,38704,43146,0.897047
01045,AL,Dale County,14476,19139,0.756361
01047,AL,Dallas County,5190,15547,0.333826
01049,AL,DeKalb County,25633,29660,0.864228
01051,AL,Elmore County,31374,41624,0.753748
01053,AL,Escambia County,10884,14957,0.727686
01055,AL,Etowah County,35653,46137,0.772764
01057,AL,Fayette County,7158,8369,0.855299
01059,AL,Franklin County,10417,12097,0.861123
01061,AL,Geneva County,10929,12401,0.881300
01063,AL,Greene County,885,4039,0.219114
01065,AL,Hale County,3369,7305,0.461191
01067,AL,Henry County,6989,9320,0.749893
01069,AL,Houston County,32469,44349,0.732125
01071,AL,Jackson County,20073,23556,0.852140
01073,AL,Jefferson County,131123,298704,0.438973
01075,AL,Lamar County,6033,6890,0.875617
01077,AL,Lauderdale County,32708,43637,0.749547
01079,AL,Lawrence County,13024,16122,0.807840
01081,AL,Lee County,46020,73127,0.629316
01083,AL,Limestone County,37887,53332,0.710399
01085,AL,Lowndes County,1758,5655,0.310875
01087,AL,Macon County,1682,7834,0.214705
01089,AL,Madison County,105430,197617,0.533507
01091,AL,Marengo County,4995,9682,0.515906
01093,AL,Marion County,12245,13543,0.904157
01095,AL,Marshall County,34434,40288,0.854696
01097,AL,Mobile County,100759,175164,0.575227
01099,AL,Monroe County,6007,9815,0.612022
01101,AL,Montgomery County,30477,89798,0.339395
01103,AL,Morgan County,40449,53543,0.755449
01105,AL,Perry County,1269,4465,0.284211
01107,AL,Pickens County,5465,8912,0.613218
01109,AL,Pike County,8224,13216,0.622276
01111,AL,Randolph County,9102,11091,0.820665
01113,AL,Russell County,10078,20718,0.486437
01115,AL,St. Clair County,35501,43526,0.815627
01117,AL,Shelby County,79666,114698,0.694572
01119,AL,Sumter County,1542,5307,0.290560
01121,AL,Talladega County,22100,33250,0.664662
01123,AL,Tallapoosa County,14884,20023,0.743345
01125,AL,Tuscaloosa County,50724,85256,0.594961
01127,AL,Walker County,25464,29786,0.854898
01129,AL,Washington County,6534,8441,0.774079
01131,AL,Wilcox County,1793,5263,0.340680
01133,AL,Winston County,10191,11149,0.914073
04001,AZ,Apache County,12795,32685,0.391464
04003,AZ,Cochise County,35936,59501,0.603956
04005,AZ,Coconino County,27576,70993,0.388433
04007,AZ,Gila County,18901,27979,0.675542
04009,AZ,Graham County,11177,15327,0.729236
04011,AZ,Greenlee County,2308,3341,0.690811
04012,AZ,La Paz County,5470,7700,0.710390
04013,AZ,Maricopa County,1051531,2061574,0.510062
04015,AZ,Mohave County,85683,111355,0.769458
04017,AZ,Navajo County,29480,51386,0.573697
04019,AZ,Pima County,214669,520317,0.412573
04021,AZ,Pinal County,126926,211595,0.599853
04023,AZ,Santa Cruz County,7699,19428,0.396284
04025,AZ,Yavapai County,99346,150862,0.658522
04027,AZ,Yuma County,40745,68910,0.591278
05001,AR,Arkansas County,3951,5547,0.712277
05003,AR,Ashley County,5145,7030,0.731863
05005,AR,Baxter County,16253,20954,0.775651
05007,AR,Benton County,79907,128595,0.621385
05009,AR,Boone County,13968,17112,0.816269
05011,AR,Bradley County,2213,3209,0.689623
05013,AR,Calhoun County,1674,2092,0.800191
05015,AR,Carroll County,7470,11538,0.647426
05017,AR,Chicot County,1658,3490,0.475072
05019,AR,Clark County,4526,7657,0.591093
05021,AR,Clay County,3968,4967,0.798873
05023,AR,Cleburne County,10595,12739,0.831698
05025,AR,Cleveland County,2804,3374,0.831061
05027,AR,Columbia County,5367,7940,0.675945
05029,AR,Conway County,5893,8541,0.689966
05031,AR,Craighead County,25152,37242,0.675367
05033,AR,Crawford County,18615,23834,0.781027
05035,AR,Crittenden County,7028,14681,0.478714
05037,AR,Cross County,4753,6534,0.727426
05039,AR,Dallas County,1482,2324,0.637694
05041,AR,Desha County,1805,3505,0.514979
05043,AR,Drew County,4203,6365,0.660330
05045,AR,Faulkner County,35357,54465,0.649169
05047,AR,Franklin County,5582,6971,0.800746
05049,AR,Fulton County,4040,5043,0.801110
05051,AR,Garland County,28359,42327,0.669998
05053,AR,Grant County,6755,8078,0.836222
05055,AR,Greene County,12617,15820,0.797535
05057,AR,Hempstead County,4193,6089,0.688619
05059,AR,Hot Spring County,9226,12283,0.751119
05061,AR,Howard County,3246,4473,0.725687
05063,AR,Independence County,11023,14011,0.786739
05065,AR,Izard County,4854,5925,0.819241
05067,AR,Jackson County,3509,4775,0.734869
05069,AR,Jefferson County,8468,21608,0.391892
05071,AR,Johnson County,6766,9059,0.746882
05073,AR,Lafayette County,1589,2325,0.683441
05075,AR,Lawrence County,4608,5692,0.809557
05077,AR,Lee County,1181,2520,0.468651
05079,AR,Lincoln County,2502,3372,0.741993
05081,AR,Little River County,3744,4899,0.764238
05083,AR,Logan County,6567,8205,0.800366
05085,AR,Lonoke County,23225,30620,0.758491
05087,AR,Madison County,5885,7501,0.784562
05089,AR,Marion County,6230,7851,0.793529
05091,AR,Miller County,11842,15803,0.749351
05093,AR,Mississippi County,6963,10717,0.649715
05095,AR,Monroe County,1385,2433,0.569256
05097,AR,Montgomery County,2987,3707,0.805773
05099,AR,Nevada County,2002,2907,0.688682
05101,AR,Newton County,3063,3770,0.812467
05103,AR,Ouachita County,5056,8626,0.586135
05105,AR,Perry County,3559,4584,0.776396
05107,AR,Phillips County,2098,4938,0.424868
05109,AR,Pike County,3746,4358,0.859569
05111,AR,Poinsett County,5731,7079,0.809578
05113,AR,Polk County,6987,8288,0.843026
05115,AR,Pope County,18118,24191,0.748956
05117,AR,Prairie County,2628,3200,0.821250
05119,AR,Pulaski County,57977,153924,0.376660
05121,AR,Randolph County,5367,6636,0.808770
05123,AR,St. Francis County,2909,5979,0.486536
05125,AR,Saline County,39736,57609,0.689753
05127,AR,Scott County,2913,3384,0.860816
05129,AR,Searcy County,3305,3869,0.854226
05131,AR,Sebastian County,30719,45452,0.675856
05133,AR,Sevier County,3772,4714,0.800170
05135,AR,Sharp County,5978,7437,0.803819
05137,AR,Stone County,4808,6030,0.797347
05139,AR,Union County,10196,15448,0.660021
05141,AR,Van Buren County,6023,7621,0.790316
05143,AR,Washington County,50243,97158,0.517127
05145,AR,White County,24514,30837,0.794954
05147,AR,Woodruff County,1513,2318,0.652718
05149,AR,Yell County,5147,6477,0.794658
06001,CA,Alameda County,140789,669907,0.210162
06003,CA,Alpine County,243,738,0.329268
06005,CA,Amador County,14018,22403,0.625720
06007,CA,Butte County,47179,94556,0.498953
06009,CA,Calaveras County,16625,26480,0.627832
06011,CA,Colusa County,4414,7021,0.628685
06013,CA,Contra Costa County,155308,528904,0.293641
06015,CA,Del Norte County,5999,10564,0.567872
06017,CA,El Dorado County,61109,111890,0.546152
06019,CA,Fresno County,165924,325994,0.508979
06021,CA,Glenn County,6904,10442,0.661176
06023,CA,Humboldt County,21559,64228,0.335664
06025,CA,Imperial County,26546,54025,0.491365
06027,CA,Inyo County,4468,8951,0.499162
06029,CA,Kern County,167879,283246,0.592697
06031,CA,Kings County,25074,41501,0.604178
06033,CA,Lake County,13161,26759,0.491835
06035,CA,Lassen County,8619,11371,0.757981
06037,CA,Los Angeles County,1189862,3728427,0.319132
06039,CA,Madera County,32344,54624,0.592121
06041,CA,Marin County,24054,144113,0.166911
06043,CA,Mariposa County,5625,9509,0.591545
06045,CA,Mendocino County,13528,39216,0.344961
06047,CA,Merced County,43955,86392,0.508786
06049,CA,Modoc County,2884,4016,0.718127
06051,CA,Mono County,2294,6064,0.378298
06053,CA,Monterey County,49226,146718,0.335514
06055,CA,Napa County,20357,65549,0.310562
06057,CA,Nevada County,26177,62132,0.421313
06059,CA,Orange County,654815,1390965,0.470763
06061,CA,Placer County,123941,234809,0.527838
06063,CA,Plumas County,5725,10067,0.568690
06065,CA,Riverside County,463677,940405,0.493061
06067,CA,Sacramento County,252140,656626,0.383993
06069,CA,San Benito County,11702,27649,0.423234
06071,CA,San Bernardino County,378416,761714,0.496795
06073,CA,San Diego County,593270,1477786,0.401459
06075,CA,San Francisco County,62594,402964,0.155334
06077,CA,San Joaquin County,128996,263671,0.489231
06079,CA,San Luis Obispo County,64932,150766,0.430681
06081,CA,San Mateo County,76616,330510,0.231811
06083,CA,Santa Barbara County,64870,184715,0.351190
06085,CA,Santa Clara County,210924,750433,0.281070
06087,CA,Santa Cruz County,27978,134135,0.208581
06089,CA,Shasta County,59539,88900,0.669730
06091,CA,Sierra County,1066,1754,0.607754
06093,CA,Siskiyou County,12461,21489,0.579878
06095,CA,Solano County,70345,189834,0.370561
06097,CA,Sonoma County,63426,251426,0.252265
06099,CA,Stanislaus County,106986,197472,0.541778
06101,CA,Sutter County,25372,39336,0.645007
06103,CA,Tehama County,18503,26532,0.697384
06105,CA,Trinity County,2979,5645,0.527724
06107,CA,Tulare County,81854,138271,0.591982
06109,CA,Tuolumne County,17210,28810,0.597362
06111,CA,Ventura County,158901,387595,0.409967
06113,CA,Yolo County,27844,92589,0.300727
06115,CA,Yuba County,18491,30070,0.614932
08001,CO,Adams County,103024,233336,0.441526
08003,CO,Alamosa County,4057,7519,0.539566
08005,CO,Arapahoe County,125311,325451,0.385038
08007,CO,Archuleta County,5218,9355,0.557777
08009,CO,Baca County,1686,2004,0.841317
08011,CO,Bent County,1496,2189,0.683417
08013,CO,Boulder County,40758,196150,0.207790
08014,CO,Broomfield County,16071,46817,0.343273
08015,CO,Chaffee County,6034,14416,0.418563
08017,CO,Cheyenne County,930,1055,0.881517
08019,CO,Clear Creek County,2452,6101,0.401901
08021,CO,Conejos County,2358,4104,0.574561
08023,CO,Costilla County,850,2080,0.408654
08025,CO,Crowley County,1231,1706,0.721571
08027,CO,Custer County,2583,3867,0.667960
08029,CO,Delta County,12948,19476,0.664818
08031,CO,Denver County,74765,363076,0.205921
08033,CO,Dolores County,1076,1419,0.758280
08035,CO,Douglas County,127451,243758,0.522859
08037,CO,Eagle County,10148,27798,0.365062
08039,CO,Elbert County,15209,20417,0.744918
08041,CO,El Paso County,203933,380813,0.535520
08043,CO,Fremont County,17313,25467,0.679821
08045,CO,Garfield County,14493,30372,0.477183
08047,CO,Gilpin County,1729,4129,0.418745
08049,CO,Grand County,4822,9883,0.487909
08051,CO,Gunnison County,3689,10939,0.337234
08053,CO,Hinsdale County,332,606,0.547855
08055,CO,Huerfano County,2346,4438,0.528616
08057,CO,Jackson County,634,834,0.760192
08059,CO,Jefferson County,140505,361504,0.388668
08061,CO,Kiowa County,744,863,0.862109
08063,CO,Kit Carson County,3083,3698,0.833694
08065,CO,Lake County,1557,3911,0.398108
08067,CO,La Plata County,14024,35681,0.393038
08069,CO,Larimer County,89680,225482,0.397726
08071,CO,Las Animas County,4328,7792,0.555441
08073,CO,Lincoln County,2090,2571,0.812913
08075,CO,Logan County,7855,10162,0.772978
08077,CO,Mesa County,55839,91600,0.609596
08079,CO,Mineral County,417,753,0.553785
08081,CO,Moffat County,5358,6671,0.803178
08083,CO,Montezuma County,8972,15136,0.592759
08085,CO,Montrose County,16704,25617,0.652067
08087,CO,Morgan County,9830,13458,0.730421
08089,CO,Otero County,5520,8925,0.618487
08091,CO,Ouray County,1573,4098,0.383846
08093,CO,Park County,6828,12044,0.566921
08095,CO,Phillips County,1888,2354,0.802039
08097,CO,Pitkin County,2992,11167,0.267932
08099,CO,Prowers County,3833,5144,0.745140
08101,CO,Pueblo County,43688,85107,0.513330
08103,CO,Rio Blanco County,2988,3690,0.809756
08105,CO,Rio Grande County,3743,6194,0.604294
08107,CO,Routt County,5676,16335,0.347475
08109,CO,Saguache County,1577,3400,0.463824
08111,CO,San Juan County,188,588,0.319728
08113,CO,San Miguel County,1154,4804,0.240216
08115,CO,Sedgwick County,1048,1358,0.771723
08117,CO,Summit County,5244,17542,0.298940
08119,CO,Teller County,10856,16326,0.664952
08121,CO,Washington County,2436,2806,0.868140
08123,CO,Weld County,106469,179854,0.591975
08125,CO,Yuma County,3807,4663,0.816427
09001,CT,Fairfield County,178263,452303,0.394123
09003,CT,Hartford County,162572,429325,0.378669
09005,CT,Litchfield County,56452,105969,0.532722
09007,CT,Middlesex County,41654,97519,0.427137
09009,CT,New Haven County,171435,397987,0.430755
09011,CT,New London County,58858,137500,0.428058
09013,CT,Tolland County,36773,81520,0.451092
09015,CT,Windham County,30911,56887,0.543375
10001,DE,Kent County,42458,88141,0.481705
10003,DE,New Castle County,90868,275917,0.329331
10005,DE,Sussex County,81025,147639,0.548805
11001,DC,District of Columbia,21076,328414,0.064175
12001,FL,Alachua County,52939,136548,0.387695
12003,FL,Baker County,12926,14977,0.863057
12005,FL,Bay County,71497,97777,0.731225
12007,FL,Bradford County,10920,13932,0.783807
12009,FL,Brevard County,216533,361449,0.599069
12011,FL,Broward County,358952,874539,0.410447
12013,FL,Calhoun County,5367,6428,0.834941
12015,FL,Charlotte County,82480,123676,0.666904
12017,FL,Citrus County,71356,98237,0.726366
12019,FL,Clay County,87711,126811,0.691667
12021,FL,Collier County,143267,216370,0.662139
12023,FL,Columbia County,25108,33592,0.747440
12027,FL,DeSoto County,8888,12488,0.711723
12029,FL,Dixie County,6920,8148,0.849288
12031,FL,Duval County,236285,471282,0.501366
12033,FL,Escambia County,96407,162755,0.592344
12035,FL,Flagler County,51014,79968,0.637930
12037,FL,Franklin County,4831,6758,0.714856
12039,FL,Gadsden County,7495,21868,0.342738
12041,FL,Gilchrist County,8931,10686,0.835766
12043,FL,Glades County,4034,5279,0.764160
12045,FL,Gulf County,6684,8697,0.768541
12047,FL,Hamilton County,3964,5733,0.691436
12049,FL,Hardee County,6336,8143,0.778092
12051,FL,Hendry County,9253,13460,0.687444
12053,FL,Hernando County,75446,110691,0.681591
12055,FL,Highlands County,36382,51905,0.700934
12057,FL,Hillsborough County,342017,671993,0.508959
12059,FL,Holmes County,8193,9116,0.898749
12061,FL,Indian River County,62737,99017,0.633598
12063,FL,Jackson County,16074,22098,0.727396
12065,FL,Jefferson County,5011,8502,0.589391
12067,FL,Lafayette County,3296,3756,0.877529
12069,FL,Lake County,140500,226788,0.619521
12071,FL,Lee County,250661,392532,0.638575
12073,FL,Leon County,60397,156802,0.385180
12075,FL,Levy County,18245,24378,0.748421
12077,FL,Liberty County,2898,3490,0.830372
12079,FL,Madison County,5874,9156,0.641547
12081,FL,Manatee County,140486,228860,0.613851
12083,FL,Marion County,140173,214106,0.654690
12085,FL,Martin County,64121,98291,0.652359
12086,FL,Miami-Dade County,605590,1094105,0.553503
12087,FL,Monroe County,26064,44328,0.587981
12089,FL,Nassau County,47945,65625,0.730590
12091,FL,Okaloosa County,80309,113636,0.706721
12093,FL,Okeechobee County,12315,16058,0.766907
12095,FL,Orange County,258279,607199,0.425361
12097,FL,Osceola County,86713,172780,0.501869
12099,FL,Palm Beach County,366836,745709,0.491929
12101,FL,Pasco County,197779,318471,0.621027
12103,FL,Pinellas County,269472,517074,0.521148
12105,FL,Polk County,209044,348931,0.599098
12107,FL,Putnam County,26700,36272,0.736105
12109,FL,St. Johns County,128759,197457,0.652086
12111,FL,St. Lucie County,100293,185131,0.541741
12113,FL,Santa Rosa County,84314,112425,0.749958
12115,FL,Sarasota County,163219,277866,0.587402
12117,FL,Seminole County,129735,253727,0.511317
12119,FL,Sumter County,72134,105218,0.685567
12121,FL,Suwannee County,17561,21891,0.802202
12123,FL,Taylor County,7954,9997,0.795639
12125,FL,Union County,5224,6231,0.838389
12127,FL,Volusia County,187691,310498,0.604484
12129,FL,Wakulla County,14246,19856,0.717466
12131,FL,Walton County,38970,49601,0.785670
12133,FL,Washington County,10370,12584,0.824062
13001,GA,Appling County,6761,8334,0.811255
13003,GA,Atkinson County,2350,3057,0.768728
13005,GA,Bacon County,4186,4839,0.865055
13007,GA,Baker County,883,1476,0.598238
13009,GA,Baldwin County,9574,18825,0.508579
13011,GA,Banks County,9358,10519,0.889628
13013,GA,Barrow County,30730,43934,0.699458
13015,GA,Bartow County,43271,57547,0.751925
13017,GA,Ben Hill County,4281,6501,0.658514
13019,GA,Berrien County,6841,8068,0.847918
13021,GA,Bibb County,26658,69181,0.385337
13023,GA,Bleckley County,4685,6044,0.775149
13025,GA,Brantley County,7744,8500,0.911059
13027,GA,Brooks County,4560,7210,0.632455
13029,GA,Bryan County,16738,24651,0.678999
13031,GA,Bulloch County,20985,32657,0.642588
13033,GA,Burke County,6027,11070,0.544444
13035,GA,Butts County,9424,13019,0.723865
13037,GA,Calhoun County,900,2056,0.437743
13039,GA,Camden County,17819,26393,0.675141
13043,GA,Candler County,3366,4568,0.736865
13045,GA,Carroll County,42536,60494,0.703144
13047,GA,Catoosa County,27150,35038,0.774873
13049,GA,Charlton County,3607,4628,0.779386
13051,GA,Chatham County,57336,141109,0.406324
13053,GA,Chattahoochee County,982,1694,0.579693
13055,GA,Chattooga County,8769,10706,0.819073
13057,GA,Cherokee County,112142,162281,0.691036
13059,GA,Clarke County,16049,52887,0.303458
13061,GA,Clay County,663,1442,0.459778
13063,GA,Clayton County,16877,111729,0.151053
13065,GA,Clinch County,2201,2908,0.756878
13067,GA,Cobb County,168679,401369,0.420259
13069,GA,Coffee County,11388,15715,0.724658
13071,GA,Colquitt County,12451,16611,0.749564
13073,GA,Columbia County,53657,85920,0.624500
13075,GA,Cook County,5374,7357,0.730461
13077,GA,Coweta County,57204,85916,0.665813
13079,GA,Crawford County,4742,6340,0.747950
13081,GA,Crisp County,5099,8116,0.628265
13083,GA,Dade County,6804,8200,0.829756
13085,GA,Dawson County,16115,19561,0.823833
13087,GA,Decatur County,7140,11549,0.618235
13089,GA,DeKalb County,62622,366008,0.171095
13091,GA,Dodge County,6249,8350,0.748383
13093,GA,Dooly County,2243,4177,0.536988
13095,GA,Dougherty County,9904,33850,0.292585
13097,GA,Douglas County,23996,70721,0.339305
13099,GA,Early County,2718,4879,0.557081
13101,GA,Echols County,1307,1438,0.908901
13103,GA,Effingham County,26943,36244,0.743378
13105,GA,Elbert County,6860,9589,0.715403
13107,GA,Emanuel County,6919,9619,0.719306
13109,GA,Evans County,3011,4244,0.709472
13111,GA,Fannin County,13232,16096,0.822068
13113,GA,Fayette County,38177,74633,0.511530
13115,GA,Floyd County,31631,44738,0.707028
13117,GA,Forsyth County,91281,138249,0.660265
13119,GA,Franklin County,10459,12140,0.861532
13121,GA,Fulton County,144655,535238,0.270263
13123,GA,Gilmer County,14976,18481,0.810346
13125,GA,Glascock County,1534,1670,0.918563
13127,GA,Glynn County,27558,43912,0.627573
13129,GA,Gordon County,22495,27606,0.814859
13131,GA,Grady County,7385,10718,0.689028
13133,GA,Greene County,8215,12786,0.642500
13135,GA,Gwinnett County,173041,420681,0.411335
13137,GA,Habersham County,19142,23280,0.822251
13139,GA,Hall County,72991,101973,0.715788
13141,GA,Hancock County,1364,4240,0.321698
13143,GA,Haralson County,14239,16364,0.870142
13145,GA,Harris County,16283,22353,0.728448
13147,GA,Hart County,11064,14331,0.772033
13149,GA,Heard County,5335,6210,0.859098
13151,GA,Henry County,44982,129034,0.348606
13153,GA,Houston County,45090,81514,0.553157
13155,GA,Irwin County,3340,4342,0.769231
13157,GA,Jackson County,36497,47243,0.772538
13159,GA,Jasper County,7203,9118,0.789976
13161,GA,Jeff Davis County,4935,5872,0.840429
13163,GA,Jefferson County,3765,7463,0.504489
13165,GA,Jenkins County,2217,3409,0.650337
13167,GA,Johnson County,2913,3984,0.731175
13169,GA,Jones County,11079,16092,0.688479
13171,GA,Lamar County,7575,10412,0.727526
13173,GA,Lanier County,2726,3736,0.729657
13175,GA,Laurens County,15460,23352,0.662042
13177,GA,Lee County,12655,17683,0.715659
13179,GA,Liberty County,9441,23028,0.409979
13181,GA,Lincoln County,3559,4931,0.721760
13183,GA,Long County,4557,7056,0.645833
13185,GA,Lowndes County,28081,47795,0.587530
13187,GA,Lumpkin County,14339,17808,0.805200
13189,GA,McDuffie County,6562,10537,0.622758
13191,GA,McIntosh County,4747,7408,0.640794
13193,GA,Macon County,1916,4686,0.408878
13195,GA,Madison County,12951,16787,0.771490
13197,GA,Marion County,2348,3621,0.648440
13199,GA,Meriwether County,7375,11788,0.625636
13201,GA,Miller County,2045,2724,0.750734
13205,GA,Mitchell County,5150,8877,0.580151
13207,GA,Monroe County,12954,17704,0.731699
13209,GA,Montgomery County,3033,3973,0.763403
13211,GA,Morgan County,9589,13181,0.727487
13213,GA,Murray County,14965,17468,0.856709
13215,GA,Muscogee County,30616,80491,0.380366
13217,GA,Newton County,24893,59051,0.421551
13219,GA,Oconee County,18424,27287,0.675193
13221,GA,Oglethorpe County,6255,8822,0.709023
13223,GA,Paulding County,58769,95196,0.617347
13225,GA,Peach County,7104,13454,0.528021
13227,GA,Pickens County,17281,20915,0.826249
13229,GA,Pierce County,8655,9761,0.886692
13231,GA,Pike County,10864,12549,0.865726
13233,GA,Polk County,15352,19171,0.800793
13235,GA,Pulaski County,3036,4336,0.700185
13237,GA,Putnam County,9136,12877,0.709482
13239,GA,Quitman County,656,1140,0.575439
13241,GA,Rabun County,8151,10423,0.782021
13243,GA,Randolph County,1373,2990,0.459197
13245,GA,Richmond County,26472,83578,0.316734
13247,GA,Rockdale County,11711,45160,0.259322
13249,GA,Schley County,1970,2428,0.811367
13251,GA,Screven County,4325,6920,0.625000
13253,GA,Seminole County,2811,4007,0.701522
13255,GA,Spalding County,19184,33038,0.580665
13257,GA,Stephens County,10632,13099,0.811665
13259,GA,Stewart County,847,2028,0.417653
13261,GA,Sumter County,5869,12049,0.487094
13263,GA,Talbot County,1483,3379,0.438887
13265,GA,Taliaferro County,375,884,0.424208
13267,GA,Tattnall County,6515,8512,0.765390
13269,GA,Taylor County,2600,3982,0.652938
13271,GA,Telfair County,2930,4214,0.695301
13273,GA,Terrell County,2075,4341,0.478000
13275,GA,Thomas County,13670,22080,0.619112
13277,GA,Tift County,11496,16989,0.676673
13279,GA,Toombs County,8208,10912,0.752199
13281,GA,Towns County,7155,8838,0.809572
13283,GA,Treutlen County,2250,3121,0.720923
13285,GA,Troup County,19392,31304,0.619474
13287,GA,Turner County,2457,3833,0.641012
13289,GA,Twiggs County,2549,4456,0.572038
13291,GA,Union County,14477,17880,0.809676
13293,GA,Upson County,9528,13662,0.697409
13295,GA,Walker County,25462,32086,0.793555
13297,GA,Walton County,42407,58376,0.726446
13299,GA,Ware County,10279,14392,0.714216
13301,GA,Warren County,1232,2592,0.475309
13303,GA,Washington County,4824,9493,0.508164
13305,GA,Wayne County,10811,13561,0.797213
13307,GA,Webster County,790,1336,0.591317
13309,GA,Wheeler County,1648,2276,0.724077
13311,GA,White County,14136,16825,0.840178
13313,GA,Whitfield County,28655,39828,0.719469
13315,GA,Wilcox County,2493,3347,0.744846
13317,GA,Wilkes County,2971,5098,0.582778
13319,GA,Wilkinson County,2888,4908,0.588427
13321,GA,Worth County,6991,9309,0.750994
15001,HI,Hawaii County,28748,82823,0.347102
15003,HI,Honolulu County,130489,340921,0.382754
15007,HI,Kauai County,11803,30064,0.392596
15009,HI,Maui County,22621,62893,0.359674
16001,ID,Ada County,143759,267419,0.537580
16003,ID,Adams County,2037,2681,0.759791
16005,ID,Bannock County,24329,39976,0.608590
16007,ID,Bear Lake County,2908,3325,0.874586
16009,ID,Benewah County,4094,5145,0.795724
16011,ID,Bingham County,16188,20651,0.783885
16013,ID,Blaine County,4281,13089,0.327069
16015,ID,Boise County,3727,4910,0.759063
16017,ID,Bonner County,21352,29710,0.718681
16019,ID,Bonneville County,40053,56436,0.709707
16021,ID,Boundary County,5794,7110,0.814909
16023,ID,Butte County,1268,1494,0.848728
16025,ID,Camas County,547,728,0.751374
16027,ID,Canyon County,72755,101030,0.720133
16029,ID,Caribou County,2906,3456,0.840856
16031,ID,Cassia County,7959,9558,0.832706
16033,ID,Clark County,280,333,0.840841
16035,ID,Clearwater County,3550,4420,0.803167
16037,ID,Custer County,1998,2650,0.753962
16039,ID,Elmore County,7791,10672,0.730041
16041,ID,Franklin County,6279,7184,0.874026
16043,ID,Fremont County,5645,6803,0.829781
16045,ID,Gem County,8707,10620,0.819868
16047,ID,Gooding County,4676,5918,0.790132
16049,ID,Idaho County,8148,9867,0.825783
16051,ID,Jefferson County,13481,15820,0.852149
16053,ID,Jerome County,6012,7946,0.756607
16055,ID,Kootenai County,72059,96365,0.747771
16057,ID,Latah County,10669,20461,0.521431
16059,ID,Lemhi County,3716,4874,0.762413
16061,ID,Lewis County,1503,1846,0.814193
16063,ID,Lincoln County,1466,1917,0.764737
16065,ID,Madison County,13925,17363,0.801993
16067,ID,Minidoka County,6401,7948,0.805360
16069,ID,Nez Perce County,13707,20135,0.680755
16071,ID,Oneida County,2119,2457,0.862434
16073,ID,Owyhee County,4101,4950,0.828485
16075,ID,Payette County,9458,11761,0.804183
16077,ID,Power County,2146,3021,0.710361
16079,ID,Shoshone County,4500,6132,0.733855
16081,ID,Teton County,3005,6698,0.448641
16083,ID,Twin Falls County,27304,37383,0.730385
16085,ID,Valley County,4214,7240,0.582044
16087,ID,Washington County,4429,5555,0.797300
17001,IL,Adams County,23161,31766,0.729113
17003,IL,Alexander County,1341,2271,0.590489
17005,IL,Bond County,5692,7991,0.712301
17007,IL,Boone County,13673,24256,0.563696
17009,IL,Brown County,1938,2455,0.789409
17011,IL,Bureau County,9784,15999,0.611538
17013,IL,Calhoun County,2059,2680,0.768284
17015,IL,Carroll County,5082,7840,0.648214
17017,IL,Cass County,3712,5241,0.708262
17019,IL,Champaign County,32965,89581,0.367991
17021,IL,Christian County,11278,15545,0.725507
17023,IL,Clark County,6130,8206,0.747014
17025,IL,Clay County,5610,6769,0.828778
17027,IL,Clinton County,14407,19230,0.749194
17029,IL,Coles County,13606,21507,0.632631
17031,IL,Cook County,583852,2079239,0.280801
17033,IL,Crawford County,6727,8935,0.752882
17035,IL,Cumberland County,4627,5769,0.802045
17037,IL,DeKalb County,22716,47401,0.479230
17039,IL,De Witt County,5529,7758,0.712684
17041,IL,Douglas County,6076,8410,0.722473
17043,IL,DuPage County,191243,456882,0.418583
17045,IL,Edgar County,5955,7912,0.752654
17047,IL,Edwards County,2794,3289,0.849498
17049,IL,Effingham County,15124,19084,0.792496
17051,IL,Fayette County,7847,9601,0.817311
17053,IL,Ford County,4778,6553,0.729132
17055,IL,Franklin County,13200,17692,0.746100
17057,IL,Fulton County,9827,16144,0.608709
17059,IL,Gallatin County,1923,2530,0.760079
17061,IL,Greene County,4719,6056,0.779227
17063,IL,Grundy County,16997,26589,0.639249
17065,IL,Hamilton County,3385,4181,0.809615
17067,IL,Hancock County,6708,9065,0.739989
17069,IL,Hardin County,1546,1926,0.802700
17071,IL,Henderson County,2369,3464,0.683891
17073,IL,Henry County,15359,25092,0.612107
17075,IL,Iroquois County,10376,13324,0.778745
17077,IL,Jackson County,10614,22465,0.472468
17079,IL,Jasper County,4449,5425,0.820092
17081,IL,Jefferson County,12189,16662,0.731545
17083,IL,Jersey County,8684,11694,0.742603
17085,IL,Jo Daviess County,7136,12414,0.574835
17087,IL,Johnson County,4798,6103,0.786171
17089,IL,Kane County,99260,223534,0.444049
17091,IL,Kankakee County,28285,47569,0.594610
17093,IL,Kendall County,31970,66397,0.481498
17095,IL,Knox County,11917,22191,0.537020
17097,IL,Lake County,120402,310913,0.387253
17099,IL,LaSalle County,30717,52508,0.584997
17101,IL,Lawrence County,4715,6110,0.771686
17103,IL,Lee County,9680,16113,0.600757
17105,IL,Livingston County,11970,16549,0.723307
17107,IL,Logan County,8757,12564,0.696991
17109,IL,McDonough County,6987,11972,0.583612
17111,IL,McHenry County,83933,162283,0.517201
17113,IL,McLean County,40290,86522,0.465662
17115,IL,Macon County,26562,45341,0.585827
17117,IL,Macoupin County,16065,23425,0.685806
17119,IL,Madison County,73925,133072,0.555526
17121,IL,Marion County,12409,16762,0.740305
17123,IL,Marshall County,4119,6127,0.672270
17125,IL,Mason County,4464,6374,0.700345
17127,IL,Massac County,4939,6676,0.739814
17129,IL,Menard County,4499,6431,0.699580
17131,IL,Mercer County,5215,8346,0.624850
17133,IL,Monroe County,14055,20902,0.672424
17135,IL,Montgomery County,9378,13203,0.710293
17137,IL,Morgan County,9607,14677,0.654562
17139,IL,Moultrie County,4816,6528,0.737745
17141,IL,Ogle County,16450,25799,0.637622
17143,IL,Peoria County,36896,79138,0.466224
17145,IL,Perry County,6949,9248,0.751406
17147,IL,Piatt County,6104,9508,0.641986
17149,IL,Pike County,6086,7509,0.810494
17151,IL,Pope County,1698,2133,0.796062
17153,IL,Pulaski County,1583,2381,0.664847
17155,IL,Putnam County,2014,3334,0.604079
17157,IL,Randolph County,10624,14333,0.741227
17159,IL,Richland County,5889,7755,0.759381
17161,IL,Rock Island County,28061,63458,0.442198
17163,IL,St. Clair County,54021,119962,0.450318
17165,IL,Saline County,7830,10605,0.738331
17167,IL,Sangamon County,50979,99171,0.514051
17169,IL,Schuyler County,2720,3759,0.723597
17171,IL,Scott County,2071,2587,0.800541
17173,IL,Shelby County,9267,11670,0.794087
17175,IL,Stark County,1983,2761,0.718218
17177,IL,Stephenson County,12347,20995,0.588092
17179,IL,Tazewell County,42451,68027,0.624032
17181,IL,Union County,5837,8226,0.709579
17183,IL,Vermilion County,19777,29549,0.669295
17185,IL,Wabash County,4095,5377,0.761577
17187,IL,Warren County,4579,7447,0.614878
17189,IL,Washington County,5892,7562,0.779159
17191,IL,Wayne County,7019,8275,0.848218
17193,IL,White County,5586,7067,0.790434
17195,IL,Whiteside County,14898,26447,0.563315
17197,IL,Will County,157672,327604,0.481288
17199,IL,Williamson County,22686,33068,0.686041
17201,IL,Winnebago County,59257,121347,0.488327
17203,IL,Woodford County,14837,21123,0.702410
18001,IN,Adams County,10528,13966,0.753831
18003,IN,Allen County,90283,163163,0.553330
18005,IN,Bartholomew County,22220,35488,0.626127
18007,IN,Benton County,2873,3954,0.726606
18009,IN,Blackford County,3811,5136,0.742017
18011,IN,Boone County,22840,40109,0.569448
18013,IN,Brown County,5647,8627,0.654573
18015,IN,Carroll County,6902,9184,0.751524
18017,IN,Cass County,10285,14213,0.723633
18019,IN,Clark County,34734,58612,0.592609
18021,IN,Clay County,9354,12055,0.775944
18023,IN,Clinton County,9108,12450,0.731566
18025,IN,Crawford County,3668,5011,0.731990
18027,IN,Daviess County,9322,11449,0.814220
18029,IN,Dearborn County,20844,26600,0.783609
18031,IN,Decatur County,9491,12111,0.783668
18033,IN,DeKalb County,14377,19792,0.726405
18035,IN,Delaware County,26067,45784,0.569347
18037,IN,Dubois County,14983,21424,0.699356
18039,IN,Elkhart County,45652,69765,0.654368
18041,IN,Fayette County,7625,9838,0.775056
18043,IN,Floyd County,23408,41181,0.568417
18045,IN,Fountain County,6311,7982,0.790654
18047,IN,Franklin County,9810,12034,0.815190
18049,IN,Fulton County,6633,8854,0.749153
18051,IN,Gibson County,11896,15901,0.748129
18053,IN,Grant County,17580,25156,0.698839
18055,IN,Greene County,11132,14633,0.760746
18057,IN,Hamilton County,102318,196727,0.520101
18059,IN,Hancock County,29288,44450,0.658898
18061,IN,Harrison County,14830,20448,0.725254
18063,IN,Hendricks County,49783,83189,0.598432
18065,IN,Henry County,15033,20604,0.729616
18067,IN,Howard County,25871,38784,0.667053
18069,IN,Huntington County,12990,17735,0.732450
18071,IN,Jackson County,14323,18654,0.767825
18073,IN,Jasper County,12082,15826,0.763427
18075,IN,Jay County,6217,8103,0.767247
18077,IN,Jefferson County,9614,14327,0.671041
18079,IN,Jennings County,9273,11809,0.785249
18081,IN,Johnson County,51588,77832,0.662812
18083,IN,Knox County,11236,15110,0.743614
18085,IN,Kosciusko County,26213,34896,0.751175
18087,IN,LaGrange County,8073,10411,0.775430
18089,IN,Lake County,97270,209551,0.464183
18091,IN,LaPorte County,26726,47553,0.562026
18093,IN,Lawrence County,15830,21220,0.745994
18095,IN,Madison County,34837,55730,0.625103
18097,IN,Marion County,124327,352540,0.352661
18099,IN,Marshall County,13837,19559,0.707449
18101,IN,Martin County,3961,4992,0.793470
18103,IN,Miami County,10670,13977,0.763397
18105,IN,Monroe County,21004,59256,0.354462
18107,IN,Montgomery County,12122,16581,0.731078
18109,IN,Morgan County,26965,35352,0.762757
18111,IN,Newton County,5131,6601,0.777306
18113,IN,Noble County,14209,18964,0.749262
18115,IN,Ohio County,2381,3091,0.770301
18117,IN,Orange County,6467,8595,0.752414
18119,IN,Owen County,7360,9876,0.745241
18121,IN,Parke County,5158,6654,0.775173
18123,IN,Perry County,5549,8666,0.640318
18125,IN,Pike County,4610,6009,0.767183
18127,IN,Porter County,46109,84969,0.542657
18129,IN,Posey County,9206,12978,0.709354
18131,IN,Pulaski County,4372,5763,0.758633
18133,IN,Putnam County,12566,16734,0.750926
18135,IN,Randolph County,8008,10553,0.758836
18137,IN,Ripley County,11526,14405,0.800139
18139,IN,Rush County,5812,7656,0.759143
18141,IN,St. Joseph County,53585,110823,0.483519
18143,IN,Scott County,7633,10187,0.749288
18145,IN,Shelby County,14438,19754,0.730890
18147,IN,Spencer County,7364,10442,0.705229
18149,IN,Starke County,7889,10478,0.752911
18151,IN,Steuben County,11487,16364,0.701968
18153,IN,Sullivan County,6639,8795,0.754861
18155,IN,Switzerland County,3319,4258,0.779474
18157,IN,Tippecanoe County,32783,66906,0.489986
18159,IN,Tipton County,5946,7976,0.745486
18161,IN,Union County,2698,3494,0.772181
18163,IN,Vanderburgh County,41056,73832,0.556073
18165,IN,Vermillion County,5174,7256,0.713065
18167,IN,Vigo County,23738,40914,0.580193
18169,IN,Wabash County,10425,13961,0.746723
18171,IN,Warren County,3402,4370,0.778490
18173,IN,Warrick County,21280,33102,0.642861
18175,IN,Washington County,9739,12723,0.765464
18177,IN,Wayne County,17526,26827,0.653297
18179,IN,Wells County,11006,14110,0.780014
18181,IN,White County,7969,11163,0.713876
18183,IN,Whitley County,13122,17740,0.739684
19001,IA,Adair County,2916,4104,0.710526
19003,IA,Adams County,1517,2153,0.704598
19005,IA,Allamakee County,4857,7410,0.655466
19007,IA,Appanoose County,4704,6535,0.719816
19009,IA,Audubon County,2214,3286,0.673767
19011,IA,Benton County,9549,14593,0.654355
19013,IA,Black Hawk County,30572,63279,0.483130
19015,IA,Boone County,9199,15520,0.592719
19017,IA,Bremer County,8799,14673,0.599673
19019,IA,Buchanan County,6790,10856,0.625461
19021,IA,Buena Vista County,4962,7593,0.653497
19023,IA,Butler County,5784,8102,0.713898
19025,IA,Calhoun County,3708,5121,0.724077
19027,IA,Carroll County,7814,11209,0.697118
19029,IA,Cass County,5007,7292,0.686643
19031,IA,Cedar County,6390,10709,0.596694
19033,IA,Cerro Gordo County,12627,23152,0.545396
19035,IA,Cherokee County,4398,6143,0.715937
19037,IA,Chickasaw County,4234,6277,0.674526
19039,IA,Clarke County,3140,4552,0.689807
19041,IA,Clay County,6047,8609,0.702404
19043,IA,Clayton County,6255,9461,0.661135
19045,IA,Clinton County,13964,24026,0.581204
19047,IA,Crawford County,4651,6605,0.704164
19049,IA,Dallas County,32374,63330,0.511195
19051,IA,Davis County,3027,3970,0.762469
19053,IA,Decatur County,2711,3754,0.722163
19055,IA,Delaware County,6984,10211,0.683968
19057,IA,Des Moines County,10794,19171,0.563038
19059,IA,Dickinson County,7775,11319,0.686898
19061,IA,Dubuque County,28224,53057,0.531956
19063,IA,Emmet County,3422,4831,0.708342
19065,IA,Fayette County,6325,9928,0.637087
19067,IA,Floyd County,4744,7704,0.615784
19069,IA,Franklin County,3431,4947,0.693552
19071,IA,Fremont County,2711,3814,0.710802
19073,IA,Greene County,3211,4968,0.646337
19075,IA,Grundy County,4998,7202,0.693974
19077,IA,Guthrie County,4446,6606,0.673025
19079,IA,Hamilton County,5004,7643,0.654717
19081,IA,Hancock County,4336,5979,0.725205
19083,IA,Hardin County,5790,8538,0.678145
19085,IA,Harrison County,5566,8015,0.694448
19087,IA,Henry County,6439,9673,0.665667
19089,IA,Howard County,3157,4884,0.646396
19091,IA,Humboldt County,3770,5135,0.734177
19093,IA,Ida County,2771,3671,0.754835
19095,IA,Iowa County,6068,9704,0.625309
19097,IA,Jackson County,7074,10849,0.652042
19099,IA,Jasper County,12701,20306,0.625480
19101,IA,Jefferson County,4353,8454,0.514904
19103,IA,Johnson County,26087,87107,0.299482
19105,IA,Jones County,6820,11054,0.616971
19107,IA,Keokuk County,3869,5182,0.746623
19109,IA,Kossuth County,5983,8450,0.708047
19111,IA,Lee County,10152,16311,0.622402
19113,IA,Linn County,54237,123750,0.438279
19115,IA,Louisa County,3584,5178,0.692159
19117,IA,Lucas County,3400,4676,0.727117
19119,IA,Lyon County,5899,7046,0.837213
19121,IA,Madison County,6864,10117,0.678462
19123,IA,Mahaska County,8207,11017,0.744940
19125,IA,Marion County,13289,19661,0.675907
19127,IA,Marshall County,9815,17406,0.563886
19129,IA,Mills County,5671,8329,0.680874
19131,IA,Mitchell County,3736,5796,0.644582
19133,IA,Monona County,3331,4669,0.713429
19135,IA,Monroe County,3104,4185,0.741697
19137,IA,Montgomery County,3486,5105,0.682860
19139,IA,Muscatine County,11152,19873,0.561163
19141,IA,O'Brien County,5998,7569,0.792443
19143,IA,Osceola County,2623,3245,0.808320
19145,IA,Page County,5153,7419,0.694568
19147,IA,Palo Alto County,3576,5013,0.713345
19149,IA,Plymouth County,10661,14084,0.756958
19151,IA,Pocahontas County,2727,3600,0.757500
19153,IA,Polk County,112240,258067,0.434926
19155,IA,Pottawattamie County,26335,44766,0.588281
19157,IA,Poweshiek County,5758,10069,0.571854
19159,IA,Ringgold County,2015,2711,0.743268
19161,IA,Sac County,4100,5498,0.745726
19163,IA,Scott County,45976,90612,0.507394
19165,IA,Shelby County,4600,6543,0.703041
19167,IA,Sioux County,16053,19120,0.839592
19169,IA,Story County,21665,49818,0.434883
19171,IA,Tama County,5379,8685,0.619344
19173,IA,Taylor County,2381,3102,0.767569
19175,IA,Union County,4044,6041,0.669426
19177,IA,Van Buren County,2785,3655,0.761970
19179,IA,Wapello County,9479,14697,0.644962
19181,IA,Warren County,19486,33123,0.588292
19183,IA,Washington County,7119,11673,0.609869
19185,IA,Wayne County,2426,3162,0.767236
19187,IA,Webster County,10850,16825,0.644874
19189,IA,Winnebago County,3636,5668,0.641496
19191,IA,Winneshiek County,6427,12079,0.532080
19193,IA,Woodbury County,25969,43247,0.600481
19195,IA,Worth County,2715,4313,0.629492
19197,IA,Wright County,3853,5772,0.667533
20001,KS,Allen County,4029,5600,0.719464
20003,KS,Anderson County,2998,3791,0.790820
20005,KS,Atchison County,4911,7255,0.676912
20007,KS,Barber County,1854,2170,0.854378
20009,KS,Barton County,8205,10570,0.776254
20011,KS,Bourbon County,5003,6572,0.761260
20013,KS,Brown County,3106,4258,0.729450
20015,KS,Butler County,22426,32236,0.695682
20017,KS,Chase County,1090,1462,0.745554
20019,KS,Chautauqua County,1299,1527,0.850688
20021,KS,Cherokee County,6584,8717,0.755306
20023,KS,Cheyenne County,1185,1422,0.833333
20025,KS,Clark County,867,1014,0.855030
20027,KS,Clay County,3150,4113,0.765864
20029,KS,Cloud County,3218,4047,0.795157
20031,KS,Coffey County,3371,4377,0.770162
20033,KS,Comanche County,727,874,0.831808
20035,KS,Cowley County,9360,13505,0.693077
20037,KS,Crawford County,10084,16334,0.617363
20039,KS,Decatur County,1217,1452,0.838154
20041,KS,Dickinson County,7014,9144,0.767060
20043,KS,Doniphan County,2899,3577,0.810456
20045,KS,Douglas County,17523,58041,0.301907
20047,KS,Edwards County,1042,1269,0.821119
20049,KS,Elk County,1123,1338,0.839312
20051,KS,Ellis County,9743,13511,0.721116
20053,KS,Ellsworth County,2078,2758,0.753445
20055,KS,Finney County,7166,10782,0.664626
20057,KS,Ford County,5616,8224,0.682879
20059,KS,Franklin County,8773,12708,0.690353
20061,KS,Geary County,5288,9163,0.577104
20063,KS,Gove County,1227,1396,0.878940
20065,KS,Graham County,1055,1287,0.819736
20067,KS,Grant County,1793,2220,0.807658
20069,KS,Gray County,1837,2193,0.837665
20071,KS,Greeley County,510,593,0.860034
20073,KS,Greenwood County,2299,2884,0.797157
20075,KS,Hamilton County,671,815,0.823313
20077,KS,Harper County,2072,2555,0.810959
20079,KS,Harvey County,9591,16086,0.596233
20081,KS,Haskell County,1045,1278,0.817684
20083,KS,Hodgeman County,817,966,0.845756
20085,KS,Jackson County,4557,6474,0.703892
20087,KS,Jefferson County,6694,9927,0.674323
20089,KS,Jewell County,1370,1574,0.870394
20091,KS,Johnson County,1082,1301,0.831668
20093,KS,Kearny County,3119,3947,0.790220
20095,KS,Kingman County,941,1107,0.850045
20097,KS,Kiowa County,5410,7921,0.682995
20099,KS,Labette County,709,843,0.841044
20101,KS,Lane County,22055,36547,0.603470
20103,KS,Leavenworth County,1233,1507,0.818182
20105,KS,Lincoln County,4093,5016,0.815989
20107,KS,Linn County,1186,1400,0.847143
20109,KS,Logan County,7462,13256,0.562915
20111,KS,Lyon County,4312,5870,0.734583
20113,KS,McPherson County,1427,1695,0.841888
20115,KS,Marion County,3644,4968,0.733494
20117,KS,Marshall County,9816,14104,0.695973
20119,KS,Meade County,12854,18685,0.687931
20121,KS,Miami County,2608,3172,0.822194
20123,KS,Mitchell County,9287,12441,0.746483
20125,KS,Montgomery County,2021,2792,0.723854
20127,KS,Morris County,909,1060,0.857547
20129,KS,Morton County,4655,5620,0.828292
20131,KS,Nemaha County,4961,6784,0.731279
20133,KS,Neosho County,1205,1363,0.884079
20135,KS,Ness County,1882,2270,0.829075
20137,KS,Norton County,5736,7892,0.726812
20139,KS,Osage County,1477,1774,0.832582
20141,KS,Osborne County,2475,3003,0.824176
20143,KS,Ottawa County,2003,2675,0.748785
20145,KS,Pawnee County,2356,2747,0.857663
20147,KS,Phillips County,9811,13472,0.728251
20149,KS,Pottawatomie County,3054,4082,0.748163
20151,KS,Pratt County,1194,1403,0.851033
20153,KS,Rawlins County,17847,26940,0.662472
20155,KS,Reno County,2001,2443,0.819075
20157,KS,Republic County,3073,3966,0.774836
20159,KS,Rice County,11630,24313,0.478345
20161,KS,Riley County,2153,2534,0.849645
20163,KS,Rooks County,1315,1606,0.818804
20165,KS,Rush County,2632,3301,0.797334
20167,KS,Russell County,15069,23226,0.648799
20169,KS,Saline County,1843,2135,0.863232
20171,KS,Scott County,3133,4565,0.686309
20173,KS,Sedgwick County,1229,1373,0.895120
20175,KS,Seward County,2161,2593,0.833398
20177,KS,Shawnee County,1675,2006,0.834995
20179,KS,Sheridan County,1548,1909,0.810896
20181,KS,Sherman County,537,664,0.808735
20183,KS,Smith County,1595,1835,0.869210
20185,KS,Stafford County,7810,10549,0.740355
20187,KS,Stanton County,3007,3664,0.820688
20189,KS,Stevens County,1343,1587,0.846251
20191,KS,Sumner County,2816,3836,0.734098
20193,KS,Thomas County,686,748,0.917112
20195,KS,Trego County,2263,2700,0.838148
20197,KS,Wabaunsee County,740,860,0.860465
20199,KS,Wallace County,2894,3603,0.803220
20201,KS,Washington County,1205,1506,0.800133
20203,KS,Wichita County,39901,81819,0.487674
20205,KS,Wilson County,120118,214152,0.560901
20207,KS,Woodson County,18867,50602,0.372851
20209,KS,Wyandotte County,154247,343780,0.448679
21001,KY,Adair County,7643,8974,0.851683
21003,KY,Allen County,7824,9418,0.830750
21005,KY,Anderson County,9650,13095,0.736922
21007,KY,Ballard County,3331,4088,0.814824
21009,KY,Barren County,15019,19802,0.758459
21011,KY,Bath County,4041,5389,0.749861
21013,KY,Bell County,7831,9340,0.838437
21015,KY,Boone County,45650,67421,0.677089
21017,KY,Bourbon County,6284,9537,0.658907
21019,KY,Boyd County,14363,20951,0.685552
21021,KY,Boyle County,9159,14373,0.637236
21023,KY,Bracken County,3399,4153,0.818444
21025,KY,Breathitt County,4036,5113,0.789360
21027,KY,Breckinridge County,7882,10048,0.784435
21029,KY,Bullitt County,32299,43209,0.747506
21031,KY,Butler County,4905,5943,0.825341
21033,KY,Caldwell County,4860,6188,0.785391
21035,KY,Calloway County,11539,16945,0.680968
21037,KY,Campbell County,28450,48334,0.588613
21039,KY,Carlisle County,2182,2610,0.836015
21041,KY,Carroll County,3014,4025,0.748820
21043,KY,Carter County,8981,11422,0.786290
21045,KY,Casey County,6216,7080,0.877966
21047,KY,Christian County,14332,21671,0.661345
21049,KY,Clark County,11950,17885,0.668158
21051,KY,Clay County,6729,7517,0.895171
21053,KY,Clinton County,4276,4880,0.876230
21055,KY,Crittenden County,3349,4010,0.835162
21057,KY,Cumberland County,2922,3442,0.848925
21059,KY,Daviess County,30705,47097,0.651952
21061,KY,Edmonson County,5048,6247,0.808068
21063,KY,Elliott County,2335,2911,0.802130
21065,KY,Estill County,5091,6290,0.809380
21067,KY,Fayette County,57347,143935,0.398423
21069,KY,Fleming County,5578,7000,0.796857
21071,KY,Floyd County,12326,15652,0.787503
21073,KY,Franklin County,13246,25763,0.514148
21075,KY,Fulton County,1491,2145,0.695105
21077,KY,Gallatin County,3109,3917,0.793720
21079,KY,Garrard County,7086,8917,0.794662
21081,KY,Grant County,9372,11469,0.817159
21083,KY,Graves County,13378,16678,0.802135
21085,KY,Grayson County,9710,12095,0.802811
21087,KY,Green County,5033,5857,0.859314
21089,KY,Greenup County,12961,17374,0.746000
21091,KY,Hancock County,3375,4633,0.728470
21093,KY,Hardin County,30672,48082,0.637910
21095,KY,Harlan County,9109,10388,0.876877
21097,KY,Harrison County,6639,9018,0.736194
21099,KY,Hart County,6691,8409,0.795695
21101,KY,Henderson County,12592,19688,0.639577
21103,KY,Henry County,6093,8074,0.754645
21105,KY,Hickman County,1656,2069,0.800387
21107,KY,Hopkins County,15361,20537,0.747967
21109,KY,Jackson County,5358,5934,0.902932
21111,KY,Jefferson County,144553,354094,0.408233
21113,KY,Jessamine County,17854,26685,0.669065
21115,KY,Johnson County,8150,9622,0.847017
21117,KY,Kenton County,48444,80948,0.598458
21119,KY,Knott County,4732,6003,0.788273
21121,KY,Knox County,11178,13156,0.849650
21123,KY,Larue County,5773,7259,0.795289
21125,KY,Laurel County,23516,27887,0.843260
21127,KY,Lawrence County,5464,6574,0.831153
21129,KY,Lee County,2227,2690,0.827881
21131,KY,Leslie County,3908,4357,0.896947
21133,KY,Letcher County,6848,8431,0.812241
21135,KY,Lewis County,4997,5721,0.873449
21137,KY,Lincoln County,8833,11034,0.800526
21139,KY,Livingston County,4021,4972,0.808729
21141,KY,Logan County,9620,12511,0.768923
21143,KY,Lyon County,3187,4187,0.761166
21145,KY,McCracken County,21349,31947,0.668263
21147,KY,McCreary County,5531,6212,0.890373
21149,KY,McLean County,3578,4634,0.772119
21151,KY,Madison County,29130,45188,0.644640
21153,KY,Magoffin County,4288,5274,0.813045
21155,KY,Marion County,6473,9102,0.711162
21157,KY,Marshall County,13677,17602,0.777014
21159,KY,Martin County,3343,3655,0.914637
21161,KY,Mason County,5621,7901,0.711429
21163,KY,Meade County,10630,14123,0.752673
21165,KY,Menifee County,2563,3294,0.778081
21167,KY,Mercer County,8826,11851,0.744747
21169,KY,Metcalfe County,4197,5127,0.818607
21171,KY,Monroe County,4679,5308,0.881500
21173,KY,Montgomery County,9302,12821,0.725528
21175,KY,Morgan County,4353,5373,0.810162
21177,KY,Muhlenberg County,10491,13692,0.766214
21179,KY,Nelson County,16052,22852,0.702433
21181,KY,Nicholas County,2451,3319,0.738475
21183,KY,Ohio County,8679,10937,0.793545
21185,KY,Oldham County,23025,38210,0.602591
21187,KY,Owen County,4434,5500,0.806182
21189,KY,Owsley County,1625,1839,0.883632
21191,KY,Pendleton County,5593,6900,0.810580
21193,KY,Perry County,7913,9992,0.791934
21195,KY,Pike County,19684,23950,0.821879
21197,KY,Powell County,4092,5360,0.763433
21199,KY,Pulaski County,26051,31735,0.820892
21201,KY,Robertson County,915,1144,0.799825
21203,KY,Rockcastle County,6635,7724,0.859011
21205,KY,Rowan County,6224,9873,0.630406
21207,KY,Russell County,7622,8893,0.857079
21209,KY,Scott County,18747,29769,0.629749
21211,KY,Shelby County,16356,24620,0.664338
21213,KY,Simpson County,6253,8776,0.712511
21215,KY,Spencer County,8927,11480,0.777613
21217,KY,Taylor County,9523,12261,0.776690
21219,KY,Todd County,4009,5112,0.784233
21221,KY,Trigg County,5436,7196,0.755420
21223,KY,Trimble County,3283,4249,0.772652
21225,KY,Union County,4758,6058,0.785408
21227,KY,Warren County,34862,56891,0.612786
21229,KY,Washington County,4720,6341,0.744362
21231,KY,Wayne County,7203,8733,0.824802
21233,KY,Webster County,4339,5556,0.780958
21235,KY,Whitley County,12687,15075,0.841592
21237,KY,Wolfe County,2163,2915,0.742024
21239,KY,Woodford County,8419,14993,0.561529
22001,LA,Acadia Parish,21783,26720,0.815232
22003,LA,Allen Parish,7003,8751,0.800251
22005,LA,Ascension Parish,41319,62473,0.661390
22007,LA,Assumption Parish,6963,10367,0.671650
22009,LA,Avoyelles Parish,11379,16037,0.709547
22011,LA,Beauregard Parish,13504,15874,0.850699
22013,LA,Bienville Parish,3660,6256,0.585038
22015,LA,Bossier Parish,37105,52232,0.710388
22017,LA,Caddo Parish,44471,94699,0.469604
22019,LA,Calcasieu Parish,56064,81201,0.690435
22021,LA,Caldwell Parish,3724,4334,0.859252
22023,LA,Cameron Parish,3120,3362,0.928019
22025,LA,Catahoula Parish,3258,4348,0.749310
22027,LA,Claiborne Parish,3522,5816,0.605571
22029,LA,Concordia Parish,4974,7755,0.641393
22031,LA,De Soto Parish,9359,13913,0.672680
22033,LA,East Baton Rouge Parish,82720,190643,0.433900
22035,LA,East Carroll Parish,931,2306,0.403729
22037,LA,East Feliciana Parish,6020,9947,0.605208
22039,LA,Evangeline Parish,10483,14176,0.739489
22041,LA,Franklin Parish,6524,8798,0.741532
22043,LA,Grant Parish,7925,9018,0.878798
22045,LA,Iberia Parish,19511,29331,0.665201
22047,LA,Iberville Parish,7616,15354,0.496027
22049,LA,Jackson Parish,5291,7226,0.732217
22051,LA,Jefferson Parish,98810,178205,0.554474
22053,LA,Jefferson Davis Parish,11478,14358,0.799415
22055,LA,Lafayette Parish,72007,111086,0.648209
22057,LA,Lafourche Parish,34461,42845,0.804318
22059,LA,La Salle Parish,6023,6620,0.909819
22061,LA,Lincoln Parish,11248,18157,0.619486
22063,LA,Livingston Parish,55101,65906,0.836054
22065,LA,Madison Parish,1846,3992,0.462425
22067,LA,Morehouse Parish,5961,10097,0.590373
22069,LA,Natchitoches Parish,9100,15040,0.605053
22071,LA,Orleans Parish,24119,159130,0.151568
22073,LA,Ouachita Parish,40808,64436,0.633311
22075,LA,Plaquemines Parish,6803,9945,0.684062
22077,LA,Pointe Coupee Parish,7319,11570,0.632584
22079,LA,Rapides Parish,36171,53395,0.677423
22081,LA,Red River Parish,2337,3725,0.627383
22083,LA,Richland Parish,6354,9193,0.691178
22085,LA,Sabine Parish,8613,10170,0.846903
22087,LA,St. Bernard Parish,11033,17292,0.638041
22089,LA,St. Charles Parish,17443,26685,0.653663
22091,LA,St. Helena Parish,2804,5745,0.488077
22093,LA,St. James Parish,5902,11789,0.500636
22095,LA,St. John the Baptist Parish,6557,18827,0.348276
22097,LA,St. Landry Parish,21812,37043,0.588829
22099,LA,St. Martin Parish,17466,25006,0.698472
22101,LA,St. Mary Parish,13671,20897,0.654209
22103,LA,St. Tammany Parish,98377,138384,0.710899
22105,LA,Tangipahoa Parish,37500,55104,0.680531
22107,LA,Tensas Parish,1093,2128,0.513628
22109,LA,Terrebonne Parish,31115,41327,0.752898
22111,LA,Union Parish,8176,10475,0.780525
22113,LA,Vermilion Parish,21510,26429,0.813879
22115,LA,Vernon Parish,13474,16149,0.834355
22117,LA,Washington Parish,12846,18455,0.696072
22119,LA,Webster Parish,10965,16205,0.676643
22121,LA,West Baton Rouge Parish,7627,13836,0.551243
22123,LA,West Carroll Parish,3986,4603,0.865957
22125,LA,West Feliciana Parish,3923,6008,0.652963
22127,LA,Winn Parish,4437,5781,0.767514
23001,ME,Androscoggin County,30605,58847,0.520077
23003,ME,Aroostook County,22246,35653,0.623959
23005,ME,Cumberland County,59964,192656,0.311249
23007,ME,Franklin County,9459,17836,0.530332
23009,ME,Hancock County,15551,36253,0.428958
23011,ME,Kennebec County,36589,72886,0.502003
23013,ME,Knox County,10262,25893,0.396323
23015,ME,Lincoln County,10409,24003,0.433654
23017,ME,Oxford County,19228,34590,0.555883
23019,ME,Penobscot County,47438,87073,0.544807
23021,ME,Piscataquis County,6487,10205,0.635669
23023,ME,Sagadahoc County,9917,24456,0.405504
23025,ME,Somerset County,17826,28441,0.626771
23027,ME,Waldo County,11815,25130,0.470155
23029,ME,Washington County,11001,18046,0.609609
23031,ME,York County,58194,132838,0.438082
24001,MD,Allegany County,22141,32137,0.688957
24003,MD,Anne Arundel County,128892,311572,0.413683
24005,MD,Baltimore County,149560,412915,0.362205
24009,MD,Calvert County,29361,54191,0.541806
24011,MD,Caroline County,11053,16330,0.676852
24013,MD,Carroll County,62273,102651,0.606648
24015,MD,Cecil County,33871,52831,0.641120
24017,MD,Charles County,26145,92097,0.283885
24019,MD,Dorchester County,9390,16772,0.559862
24021,MD,Frederick County,68753,156114,0.440403
24023,MD,Garrett County,11983,15838,0.756598
24025,MD,Harford County,83050,150090,0.553335
24027,MD,Howard County,49425,182291,0.271132
24029,MD,Kent County,5561,11128,0.499730
24031,MD,Montgomery County,112637,519221,0.216935
24033,MD,Prince George's County,45008,404009,0.111403
24035,MD,Queen Anne's County,20200,32347,0.624478
24037,MD,St. Mary's County,33582,58954,0.569631
24039,MD,Somerset County,5805,10137,0.572655
24041,MD,Talbot County,11125,22830,0.487297
24043,MD,Washington County,44054,73332,0.600747
24045,MD,Wicomico County,24065,46912,0.512982
24047,MD,Worcester County,19632,32881,0.597062
24510,MD,Baltimore city,27984,230754,0.121272
25001,MA,Barnstable County,57451,148785,0.386134
25003,MA,Berkshire County,19805,68674,0.288392
25005,MA,Bristol County,134196,278017,0.482690
25007,MA,Dukes County,2745,12209,0.224834
25009,MA,Essex County,155336,401851,0.386551
25011,MA,Franklin County,12428,42248,0.294168
25013,MA,Hampden County,92474,208604,0.443299
25015,MA,Hampshire County,23256,84720,0.274504
25017,MA,Middlesex County,235118,814832,0.288548
25019,MA,Nantucket County,2171,7118,0.305001
25021,MA,Norfolk County,132497,386447,0.342859
25023,MA,Plymouth County,133544,300129,0.444955
25025,MA,Suffolk County,66480,299193,0.222198
25027,MA,Worcester County,183802,420841,0.436749
26001,MI,Alcona County,5257,7483,0.702526
26003,MI,Alger County,3116,5258,0.592621
26005,MI,Allegan County,45206,71913,0.628621
26007,MI,Alpena County,10967,17213,0.637135
26009,MI,Antrim County,10341,16883,0.612510
26011,MI,Arenac County,6379,9158,0.696549
26013,MI,Baraga County,2779,4332,0.641505
26015,MI,Barry County,25650,38625,0.664078
26017,MI,Bay County,34792,61338,0.567218
26019,MI,Benzie County,6895,12846,0.536743
26021,MI,Berrien County,44975,84488,0.532324
26023,MI,Branch County,14848,21089,0.704064
26025,MI,Calhoun County,38606,68505,0.563550
26027,MI,Cass County,18505,27871,0.663952
26029,MI,Charlevoix County,10183,17661,0.576581
26031,MI,Cheboygan County,10653,16423,0.648663
26033,MI,Chippewa County,11249,18365,0.612524
26035,MI,Clare County,11772,17288,0.680935
26037,MI,Clinton County,26751,49986,0.535170
26039,MI,Crawford County,5613,8476,0.662223
26041,MI,Delta County,14109,21874,0.645012
26043,MI,Dickinson County,10324,15312,0.674242
26045,MI,Eaton County,33102,65208,0.507637
26047,MI,Emmet County,12465,22851,0.545490
26049,MI,Genesee County,105303,223268,0.471644
26051,MI,Gladwin County,10809,15488,0.697895
26053,MI,Gogebic County,4803,8295,0.579024
26055,MI,Grand Traverse County,31423,62772,0.500589
26057,MI,Gratiot County,12894,19848,0.649637
26059,MI,Hillsdale County,18631,24828,0.750403
26061,MI,Houghton County,11181,19374,0.577114
26063,MI,Huron County,13224,18969,0.697137
26065,MI,Ingham County,50564,148101,0.341416
26067,MI,Ionia County,22179,34021,0.651921
26069,MI,Iosco County,10155,15731,0.645541
26071,MI,Iron County,4501,7027,0.640529
26073,MI,Isabella County,16320,30835,0.529269
26075,MI,Jackson County,50199,83827,0.598840
26077,MI,Kalamazoo County,58671,145710,0.402656
26079,MI,Kalkaska County,8149,11529,0.706826
26081,MI,Kent County,172720,371947,0.464367
26083,MI,Keweenaw County,896,1611,0.556176
26085,MI,Lake County,4523,6915,0.654085
26087,MI,Lapeer County,38398,55439,0.692617
26089,MI,Leelanau County,8035,17685,0.454340
26091,MI,Lenawee County,33463,55016,0.608241
26093,MI,Livingston County,81217,132448,0.613199
26095,MI,Luce County,2170,2985,0.726968
26097,MI,Mackinac County,4476,7238,0.618403
26099,MI,Macomb County,284660,509152,0.559086
26101,MI,Manistee County,8748,15297,0.571877
26103,MI,Marquette County,17459,39009,0.447563
26105,MI,Mason County,10830,18064,0.599535
26107,MI,Mecosta County,14445,22489,0.642314
26109,MI,Menominee County,8647,13060,0.662098
26111,MI,Midland County,28571,50301,0.568001
26113,MI,Missaukee County,7066,9152,0.772072
26115,MI,Monroe County,57405,91356,0.628366
26117,MI,Montcalm County,23946,34845,0.687215
26119,MI,Montmorency County,4599,6391,0.719606
26121,MI,Muskegon County,47733,95181,0.501497
26123,MI,Newaygo County,20630,29201,0.706483
26125,MI,Oakland County,337791,772145,0.437471
26127,MI,Oceana County,9547,14870,0.642031
26129,MI,Ogemaw County,8879,12622,0.703454
26131,MI,Ontonagon County,2479,3841,0.645405
26133,MI,Osceola County,9639,13184,0.731113
26135,MI,Oscoda County,3716,5192,0.715716
26137,MI,Otsego County,10693,15971,0.669526
26139,MI,Ottawa County,106133,178507,0.594559
26141,MI,Presque Isle County,5568,8742,0.636925
26143,MI,Roscommon County,10582,16068,0.658576
26145,MI,Saginaw County,52912,103846,0.509524
26147,MI,St. Clair County,64277,96524,0.665917
26149,MI,St. Joseph County,19403,29307,0.662060
26151,MI,Sanilac County,17080,23339,0.731822
26153,MI,Schoolcraft County,3196,4898,0.652511
26155,MI,Shiawassee County,24718,40685,0.607546
26157,MI,Tuscola County,21764,30717,0.708533
26159,MI,Van Buren County,23407,41169,0.568559
26161,MI,Washtenaw County,58844,221542,0.265611
26163,MI,Wayne County,288860,856690,0.337181
26165,MI,Wexford County,12968,19476,0.665845
27001,MN,Aitkin County,6741,10446,0.645319
27003,MN,Anoka County,106974,210481,0.508236
27005,MN,Becker County,12961,19739,0.656619
27007,MN,Beltrami County,12898,24874,0.518533
27009,MN,Benton County,15260,22824,0.668594
27011,MN,Big Stone County,1796,2824,0.635977
27013,MN,Blue Earth County,18001,36442,0.493963
27015,MN,Brown County,9692,14598,0.663927
27017,MN,Carlton County,10435,20815,0.501321
27019,MN,Carver County,35586,69160,0.514546
27021,MN,Cass County,12759,19363,0.658937
27023,MN,Chippewa County,4175,6318,0.660810
27025,MN,Chisago County,23047,35601,0.647369
27027,MN,Clay County,15965,32874,0.485642
27029,MN,Clearwater County,3575,4814,0.742626
27031,MN,Cook County,1142,3660,0.312022
27033,MN,Cottonwood County,4157,5988,0.694222
27035,MN,Crow Wing County,27423,42366,0.647288
27037,MN,Dakota County,109995,259805,0.423375
27039,MN,Dodge County,8095,12484,0.648430
27041,MN,Douglas County,16726,25106,0.666215
27043,MN,Faribault County,5247,7761,0.676073
27045,MN,Fillmore County,7638,12385,0.616714
27047,MN,Freeborn County,10003,16704,0.598839
27049,MN,Goodhue County,16461,28817,0.571225
27051,MN,Grant County,2266,3543,0.639571
27053,MN,Hennepin County,197244,720173,0.273884
27055,MN,Houston County,6547,11428,0.572891
27057,MN,Hubbard County,8809,13617,0.646912
27059,MN,Isanti County,18027,25918,0.695540
27061,MN,Itasca County,15863,26840,0.591021
27063,MN,Jackson County,3949,5644,0.699681
27065,MN,Kanabec County,6818,9703,0.702669
27067,MN,Kandiyohi County,15014,23283,0.644848
27069,MN,Kittson County,1535,2500,0.614000
27071,MN,Koochiching County,4204,6789,0.619237
27073,MN,Lac qui Parle County,2600,3996,0.650651
27075,MN,Lake County,3265,6954,0.469514
27077,MN,Lake of the Woods County,1710,2347,0.728590
27079,MN,Le Sueur County,11503,17469,0.658481
27081,MN,Lincoln County,2190,3235,0.676971
27083,MN,Lyon County,8400,12990,0.646651
27085,MN,McLeod County,14394,21199,0.678994
27087,MN,Mahnomen County,1165,2183,0.533669
27089,MN,Marshall County,3774,5031,0.750149
27091,MN,Martin County,7442,10796,0.689329
27093,MN,Meeker County,9645,13694,0.704323
27095,MN,Mille Lacs County,10570,15190,0.695853
27097,MN,Morrison County,15666,20313,0.771230
27099,MN,Mower County,10297,18969,0.542833
27101,MN,Murray County,3346,4769,0.701615
27103,MN,Nicollet County,9540,19417,0.491322
27105,MN,Nobles County,5541,8275,0.669607
27107,MN,Norman County,1963,3294,0.595932
27109,MN,Olmsted County,39467,90924,0.434066
27111,MN,Otter Tail County,24276,36736,0.660823
27113,MN,Pennington County,4756,7381,0.644357
27115,MN,Pine County,11274,16911,0.666667
27117,MN,Pipestone County,3537,4837,0.731238
27119,MN,Polk County,10162,15419,0.659057
27121,MN,Pope County,4677,7218,0.647963
27123,MN,Ramsey County,75284,278025,0.270781
27125,MN,Red Lake County,1425,2116,0.673440
27127,MN,Redwood County,5895,8326,0.708023
27129,MN,Renville County,5610,8058,0.696203
27131,MN,Rice County,18264,36412,0.501593
27133,MN,Rock County,3690,5373,0.686767
27135,MN,Roseau County,6279,8499,0.738793
27137,MN,St. Louis County,50065,119009,0.420682
27139,MN,Scott County,47837,90141,0.530691
27141,MN,Sherburne County,38491,57960,0.664096
27143,MN,Sibley County,6014,8537,0.704463
27145,MN,Stearns County,53932,86632,0.622541
27147,MN,Steele County,12742,20872,0.610483
27149,MN,Stevens County,3213,5139,0.625219
27151,MN,Swift County,3340,5054,0.660863
27153,MN,Todd County,10392,13718,0.757545
27155,MN,Traverse County,1165,1802,0.646504
27157,MN,Wabasha County,8523,13509,0.630913
27159,MN,Wadena County,6028,8047,0.749099
27161,MN,Waseca County,6770,10387,0.651776
27163,MN,Washington County,75271,169536,0.443982
27165,MN,Watonwan County,3087,4933,0.625786
27167,MN,Wilkin County,2290,3353,0.682970
27169,MN,Winona County,14288,27797,0.514012
27171,MN,Wright County,57211,90041,0.635388
27173,MN,Yellow Medicine County,3738,5410,0.690943
28001,MS,Adams County,5081,11928,0.425973
28003,MS,Alcorn County,12657,15112,0.837546
28005,MS,Amite County,4484,6815,0.657960
28007,MS,Attala County,4723,7703,0.613138
28009,MS,Benton County,2535,3880,0.653351
28011,MS,Bolivar County,3943,10435,0.377863
28013,MS,Calhoun County,4443,6034,0.736327
28015,MS,Carroll County,3730,5194,0.718136
28017,MS,Chickasaw County,4079,7234,0.563865
28019,MS,Choctaw County,2881,3890,0.740617
28021,MS,Claiborne County,558,3541,0.157583
28023,MS,Clarke County,5093,7571,0.672698
28025,MS,Clay County,4017,9057,0.443524
28027,MS,Coahoma County,2008,6790,0.295729
28029,MS,Copiah County,6134,11665,0.525847
28031,MS,Covington County,5869,8861,0.662341
28033,MS,DeSoto County,48064,79082,0.607774
28035,MS,Forrest County,16579,28466,0.582414
28037,MS,Franklin County,2831,4066,0.696262
28039,MS,George County,9858,11069,0.890595
28041,MS,Greene County,4776,5649,0.845459
28043,MS,Grenada County,5651,9766,0.578640
28045,MS,Hancock County,16684,21175,0.787910
28047,MS,Harrison County,48497,75923,0.638766
28049,MS,Hinds County,22816,86830,0.262766
28051,MS,Holmes County,1243,6730,0.184695
28053,MS,Humphreys County,990,3468,0.285467
28055,MS,Issaquena County,296,622,0.475884
28057,MS,Itawamba County,9523,10621,0.896620
28059,MS,Jackson County,36376,52410,0.694066
28061,MS,Jasper County,4118,7890,0.521926
28063,MS,Jefferson County,541,3299,0.163989
28065,MS,Jefferson Davis County,2302,5378,0.428040
28067,MS,Jones County,20265,27755,0.730139
28069,MS,Kemper County,1691,4086,0.413852
28071,MS,Lafayette County,14050,23409,0.600197
28073,MS,Lamar County,20775,28171,0.737461
28075,MS,Lauderdale County,16487,27407,0.601562
28077,MS,Lawrence County,4113,6053,0.679498
28079,MS,Leake County,5143,8380,0.613723
28081,MS,Lee County,24339,35338,0.688749
28083,MS,Leflore County,2854,9421,0.302940
28085,MS,Lincoln County,11432,15802,0.723453
28087,MS,Lowndes County,13087,24426,0.535782
28089,MS,Madison County,32333,55710,0.580381
28091,MS,Marion County,7874,11188,0.703790
28093,MS,Marshall County,7977,14983,0.532403
28095,MS,Monroe County,10861,16069,0.675898
28097,MS,Montgomery County,2658,4424,0.600814
28099,MS,Neshoba County,8154,10861,0.750760
28101,MS,Newton County,6641,9323,0.712324
28103,MS,Noxubee County,1151,4449,0.258710
28105,MS,Oktibbeha County,8901,18051,0.493103
28107,MS,Panola County,8202,14422,0.568714
28109,MS,Pearl River County,20438,24671,0.828422
28111,MS,Perry County,4425,5539,0.798881
28113,MS,Pike County,7943,15485,0.512948
28115,MS,Pontotoc County,11740,14068,0.834518
28117,MS,Prentiss County,8581,10381,0.826606
28119,MS,Quitman County,902,2677,0.336944
28121,MS,Rankin County,50896,69678,0.730446
28123,MS,Scott County,6098,9891,0.616520
28125,MS,Sharkey County,551,1766,0.312005
28127,MS,Simpson County,7552,11094,0.680728
28129,MS,Smith County,6146,7676,0.800677
28131,MS,Stone County,6214,7919,0.784695
28133,MS,Sunflower County,2515,7876,0.319325
28135,MS,Tallahatchie County,2333,5012,0.465483
28137,MS,Tate County,9185,12861,0.714175
28139,MS,Tippah County,7984,9591,0.832447
28141,MS,Tishomingo County,8064,9050,0.891050
28143,MS,Tunica County,799,2668,0.299475
28145,MS,Union County,10559,12478,0.846209
28147,MS,Walthall County,4114,6529,0.630112
28149,MS,Warren County,9407,18298,0.514100
28151,MS,Washington County,4649,14540,0.319739
28153,MS,Wayne County,6013,9119,0.659392
28155,MS,Webster County,4195,5095,0.823356
28157,MS,Wilkinson County,1075,2931,0.366769
28159,MS,Winston County,4922,8384,0.587071
28161,MS,Yalobusha County,3518,5878,0.598503
28163,MS,Yazoo County,4558,8971,0.508082
29001,MO,Adair County,6771,10239,0.661295
29003,MO,Andrew County,7407,9847,0.752209
29005,MO,Atchison County,2152,2713,0.793218
29007,MO,Audrain County,7699,10523,0.731635
29009,MO,Barry County,13138,16165,0.812744
29011,MO,Barton County,5159,6015,0.857689
29013,MO,Bates County,6702,8344,0.803212
29015,MO,Benton County,8526,10769,0.791717
29017,MO,Bollinger County,5365,6161,0.870800
29019,MO,Boone County,39673,90110,0.440273
29021,MO,Buchanan County,22606,35743,0.632460
29023,MO,Butler County,14549,17860,0.814614
29025,MO,Caldwell County,3771,4703,0.801829
29027,MO,Callaway County,15206,21455,0.708739
29029,MO,Camden County,19597,25548,0.767066
29031,MO,Cape Girardeau County,29315,40353,0.726464
29033,MO,Carroll County,3708,4528,0.818905
29035,MO,Carter County,2488,2862,0.869322
29037,MO,Cass County,38792,59349,0.653625
29039,MO,Cedar County,6064,7188,0.843628
29041,MO,Chariton County,3179,4089,0.777452
29043,MO,Christian County,38379,50789,0.755656
29045,MO,Clark County,2679,3333,0.803780
29047,MO,Clay County,67688,130160,0.520037
29049,MO,Clinton County,8235,11230,0.733304
29051,MO,Cole County,26686,40152,0.664624
29053,MO,Cooper County,6393,8835,0.723599
29055,MO,Crawford County,8742,10829,0.807277
29057,MO,Dade County,3480,4186,0.831343
29059,MO,Dallas County,6907,8441,0.818268
29061,MO,Daviess County,3185,3925,0.811465
29063,MO,DeKalb County,3885,4814,0.807021
29065,MO,Dent County,6013,7103,0.846544
29067,MO,Douglas County,6242,7289,0.856359
29069,MO,Dunklin County,8096,10051,0.805492
29071,MO,Franklin County,40126,55464,0.723460
29073,MO,Gasconade County,6370,7997,0.796549
29075,MO,Gentry County,2651,3292,0.805286
29077,MO,Greene County,85956,144037,0.596763
29079,MO,Grundy County,3582,4404,0.813351
29081,MO,Harrison County,3293,3845,0.856437
29083,MO,Henry County,8286,10932,0.757958
29085,MO,Hickory County,4108,5120,0.802344
29087,MO,Holt County,1982,2352,0.842687
29089,MO,Howard County,3534,4956,0.713075
29091,MO,Howell County,15733,18968,0.829450
29093,MO,Iron County,3644,4518,0.806552
29095,MO,Jackson County,99385,193729,0.513010
29097,MO,Jasper County,39084,53807,0.726374
29099,MO,Jefferson County,80796,119314,0.677171
29101,MO,Johnson County,16298,23602,0.690535
29103,MO,Knox County,1479,1810,0.817127
29105,MO,Laclede County,14155,17076,0.828941
29107,MO,Lafayette County,12720,17248,0.737477
29109,MO,Lawrence County,15001,18427,0.814077
29111,MO,Lewis County,3565,4486,0.794695
29113,MO,Lincoln County,24866,32133,0.773846
29115,MO,Linn County,4437,5687,0.780200
29117,MO,Livingston County,5395,6873,0.784956
29119,MO,McDonald County,7843,9338,0.839901
29121,MO,Macon County,6300,7839,0.803674
29123,MO,Madison County,4721,5753,0.820615
29125,MO,Maries County,3987,4786,0.833055
29127,MO,Marion County,9991,13153,0.759599
29129,MO,Mercer County,1545,1792,0.862165
29131,MO,Miller County,10826,13011,0.832065
29133,MO,Mississippi County,3404,4449,0.765116
29135,MO,Moniteau County,5877,7275,0.807835
29137,MO,Monroe County,3476,4378,0.793970
29139,MO,Montgomery County,4776,5998,0.796265
29141,MO,Morgan County,7725,9735,0.793529
29143,MO,New Madrid County,5203,6811,0.763911
29145,MO,Newton County,22923,29097,0.787813
29147,MO,Nodaway County,6909,9689,0.713077
29149,MO,Oregon County,3884,4613,0.841968
29151,MO,Osage County,6657,7727,0.861525
29153,MO,Ozark County,4044,4780,0.846025
29155,MO,Pemiscot County,3917,5270,0.743264
29157,MO,Perry County,7986,9824,0.812907
29159,MO,Pettis County,13907,18882,0.736522
29161,MO,Phelps County,13658,19300,0.707668
29163,MO,Pike County,6151,7824,0.786171
29165,MO,Platte County,29381,57817,0.508172
29167,MO,Polk County,12691,15826,0.801908
29169,MO,Pulaski County,11579,15549,0.744678
29171,MO,Putnam County,2021,2380,0.849160
29173,MO,Ralls County,4575,5777,0.791934
29175,MO,Randolph County,8322,11028,0.754625
29177,MO,Ray County,8602,11662,0.737609
29179,MO,Reynolds County,2560,3059,0.836875
29181,MO,Ripley County,5002,5804,0.861819
29183,MO,St. Charles County,130588,226166,0.577399
29185,MO,St. Clair County,3982,4990,0.797996
29186,MO,Ste. Genevieve County,7031,9776,0.719210
29187,MO,St. Francois County,21521,28615,0.752088
29189,MO,St. Louis County,187982,502738,0.373916
29195,MO,Saline County,6498,9330,0.696463
29197,MO,Schuyler County,1588,1945,0.816452
29199,MO,Scotland County,1537,1918,0.801356
29201,MO,Scott County,13786,17421,0.791344
29203,MO,Shannon County,3364,4018,0.837232
29205,MO,Shelby County,2691,3262,0.824954
29207,MO,Stoddard County,11783,13599,0.866461
29209,MO,Stone County,15357,19123,0.803064
29211,MO,Sullivan County,2035,2463,0.826228
29213,MO,Taney County,21236,26824,0.791679
29215,MO,Texas County,9855,11525,0.855098
29217,MO,Vernon County,7112,8973,0.792600
29219,MO,Warren County,14915,20095,0.742224
29221,MO,Washington County,8424,10237,0.822897
29223,MO,Wayne County,5030,5847,0.860270
29225,MO,Webster County,15984,19814,0.806702
29227,MO,Worth County,904,1105,0.818100
29229,MO,Wright County,7850,8980,0.874165
29510,MO,St. Louis city,19342,116271,0.166353
30001,MT,Beaverhead County,4058,5794,0.700380
30003,MT,Big Horn County,2188,4470,0.489485
30005,MT,Blaine County,1526,3019,0.505465
30007,MT,Broadwater County,3770,4810,0.783784
30009,MT,Carbon County,4719,7297,0.646704
30011,MT,Carter County,760,854,0.889930
30013,MT,Cascade County,22419,37583,0.596520
30015,MT,Chouteau County,1885,2934,0.642468
30017,MT,Custer County,4208,5797,0.725893
30019,MT,Daniels County,778,951,0.818086
30021,MT,Dawson County,3627,4638,0.782018
30023,MT,Deer Lodge County,2329,4870,0.478234
30025,MT,Fallon County,1303,1507,0.864632
30027,MT,Fergus County,4965,6712,0.739720
30029,MT,Flathead County,41390,63140,0.655527
30031,MT,Gallatin County,32695,69897,0.467760
30033,MT,Garfield County,756,800,0.945000
30035,MT,Glacier County,1939,5078,0.381843
30037,MT,Golden Valley County,440,515,0.854369
30039,MT,Granite County,1537,2176,0.706342
30041,MT,Hill County,3871,6804,0.568930
30043,MT,Jefferson County,5544,8291,0.668677
30045,MT,Judith Basin County,1051,1353,0.776792
30047,MT,Lake County,9880,16910,0.584270
30049,MT,Lewis and Clark County,21479,42023,0.511125
30051,MT,Liberty County,752,988,0.761134
30053,MT,Lincoln County,8909,11789,0.755704
30055,MT,McCone County,931,1082,0.860444
30057,MT,Madison County,4615,6461,0.714286
30059,MT,Meagher County,888,1172,0.757679
30061,MT,Mineral County,2049,2833,0.723262
30063,MT,Missoula County,27306,72773,0.375222
30065,MT,Musselshell County,2550,3012,0.846614
30067,MT,Park County,6128,11717,0.523001
30069,MT,Petroleum County,284,324,0.876543
30071,MT,Phillips County,1753,2189,0.800822
30073,MT,Pondera County,1972,2852,0.691445
30075,MT,Powder River County,963,1106,0.870705
30077,MT,Powell County,2466,3282,0.751371
30079,MT,Prairie County,546,688,0.793605
30081,MT,Ravalli County,20617,29904,0.689440
30083,MT,Richland County,4387,5309,0.826333
30085,MT,Roosevelt County,2055,3914,0.525038
30087,MT,Rosebud County,2466,3693,0.667750
30089,MT,Sanders County,6150,8069,0.762176
30091,MT,Sheridan County,1321,1912,0.690900
30093,MT,Silver Bow County,8110,18226,0.444969
30095,MT,Stillwater County,4699,5906,0.795632
30097,MT,Sweet Grass County,1789,2381,0.751365
30099,MT,Teton County,2533,3568,0.709922
30101,MT,Toole County,1571,2046,0.767840
30103,MT,Treasure County,367,442,0.830317
30105,MT,Valley County,3019,4079,0.740132
30107,MT,Wheatland County,843,1086,0.776243
30109,MT,Wibaux County,463,546,0.847985
30111,MT,Yellowstone County,50460,81391,0.619970
31001,NE,Adams County,10077,14364,0.701546
31003,NE,Antelope County,3032,3447,0.879605
31005,NE,Arthur County,264,282,0.936170
31007,NE,Banner County,348,386,0.901554
31009,NE,Blaine County,250,291,0.859107
31011,NE,Boone County,2499,3031,0.824480
31013,NE,Box Butte County,3827,4931,0.776110
31015,NE,Boyd County,938,1075,0.872558
31017,NE,Brown County,1428,1642,0.869671
31019,NE,Buffalo County,17064,23759,0.718212
31021,NE,Burt County,2632,3656,0.719912
31023,NE,Butler County,3642,4587,0.793983
31025,NE,Cass County,10685,15755,0.678197
31027,NE,Cedar County,4141,4912,0.843037
31029,NE,Chase County,1648,1866,0.883173
31031,NE,Cherry County,2687,3069,0.875529
31033,NE,Cheyenne County,3692,4530,0.815011
31035,NE,Clay County,2677,3310,0.808761
31037,NE,Colfax County,2636,3516,0.749716
31039,NE,Cuming County,3536,4445,0.795501
31041,NE,Custer County,5042,5886,0.856609
31043,NE,Dakota County,3934,6120,0.642810
31045,NE,Dawes County,2812,3868,0.726991
31047,NE,Dawson County,6312,8491,0.743375
31049,NE,Deuel County,843,1012,0.833004
31051,NE,Dixon County,2271,2895,0.784456
31053,NE,Dodge County,10795,16443,0.656510
31055,NE,Douglas County,120919,273403,0.442274
31057,NE,Dundy County,829,929,0.892357
31059,NE,Fillmore County,2315,3013,0.768337
31061,NE,Franklin County,1351,1600,0.844375
31063,NE,Frontier County,1213,1410,0.860284
31065,NE,Furnas County,2043,2413,0.846664
31067,NE,Gage County,7523,10916,0.689172
31069,NE,Garden County,949,1117,0.849597
31071,NE,Garfield County,893,1015,0.879803
31073,NE,Gosper County,907,1118,0.811270
31075,NE,Grant County,351,366,0.959016
31077,NE,Greeley County,1030,1235,0.834008
31079,NE,Hall County,15566,22804,0.682600
31081,NE,Hamilton County,4416,5547,0.796106
31083,NE,Harlan County,1506,1802,0.835738
31085,NE,Hayes County,472,494,0.955466
31087,NE,Hitchcock County,1269,1433,0.885555
31089,NE,Holt County,4708,5442,0.865123
31091,NE,Hooker County,369,427,0.864169
31093,NE,Howard County,2868,3550,0.807887
31095,NE,Jefferson County,2614,3631,0.719912
31097,NE,Johnson County,1496,2152,0.695167
31099,NE,Kearney County,2828,3604,0.784684
31101,NE,Keith County,3416,4199,0.813527
31103,NE,Keya Paha County,500,544,0.919118
31105,NE,Kimball County,1424,1720,0.827907
31107,NE,Knox County,3593,4436,0.809964
31109,NE,Lancaster County,74215,157633,0.470809
31111,NE,Lincoln County,12674,16464,0.769801
31113,NE,Logan County,409,440,0.929545
31115,NE,Loup County,354,428,0.827103
31117,NE,McPherson County,267,283,0.943463
31119,NE,Madison County,12145,15690,0.774060
31121,NE,Merrick County,3551,4342,0.817826
31123,NE,Morrill County,2026,2426,0.835120
31125,NE,Nance County,1462,1837,0.795863
31127,NE,Nemaha County,2443,3418,0.714745
31129,NE,Nuckolls County,1836,2258,0.813109
31131,NE,Otoe County,5651,8198,0.689314
31133,NE,Pawnee County,1085,1379,0.786802
31135,NE,Perkins County,1224,1426,0.858345
31137,NE,Phelps County,4158,4965,0.837462
31139,NE,Pierce County,3420,3897,0.877598
31141,NE,Platte County,12326,15658,0.787201
31143,NE,Polk County,2296,2819,0.814473
31145,NE,Red Willow County,4457,5323,0.837310
31147,NE,Richardson County,2962,3942,0.751395
31149,NE,Rock County,745,834,0.893285
31151,NE,Saline County,3734,5655,0.660301
31153,NE,Sarpy County,55567,100735,0.551616
31155,NE,Saunders County,9854,13565,0.726428
31157,NE,Scotts Bluff County,11033,15040,0.733577
31159,NE,Seward County,6667,9184,0.725936
31161,NE,Sheridan County,2102,2484,0.846216
31163,NE,Sherman County,1344,1687,0.796680
31165,NE,Sioux County,597,678,0.880531
31167,NE,Stanton County,2536,3064,0.827676
31169,NE,Thayer County,2278,2852,0.798738
31171,NE,Thomas County,348,393,0.885496
31173,NE,Thurston County,1125,2123,0.529911
31175,NE,Valley County,1872,2299,0.814267
31177,NE,Washington County,8855,12545,0.705859
31179,NE,Wayne County,3011,4073,0.739259
31181,NE,Webster County,1449,1763,0.821894
31183,NE,Wheeler County,424,486,0.872428
31185,NE,York County,5234,6984,0.749427
32001,NV,Churchill County,9962,13503,0.737762
32003,NV,Clark County,493052,1031223,0.478124
32005,NV,Douglas County,23237,35556,0.653532
32007,NV,Elko County,17352,22465,0.772402
32009,NV,Esmeralda County,376,461,0.815618
32011,NV,Eureka County,910,1036,0.878378
32013,NV,Humboldt County,6141,8030,0.764757
32015,NV,Lander County,2180,2725,0.800000
32017,NV,Lincoln County,2108,2472,0.852751
32019,NV,Lyon County,23861,33541,0.711398
32021,NV,Mineral County,1528,2295,0.665795
32023,NV,Nye County,18946,26997,0.701782
32027,NV,Pershing County,1764,2308,0.764298
32029,NV,Storey County,2108,3075,0.685528
32031,NV,Washoe County,127443,263734,0.483226
32033,NV,White Pine County,3364,4351,0.773156
32510,NV,Carson City,16873,31068,0.543099
33001,NH,Belknap County,22765,40676,0.559667
33003,NH,Carroll County,17426,34658,0.502799
33005,NH,Cheshire County,20083,45389,0.442464
33007,NH,Coos County,9734,17322,0.561944
33009,NH,Grafton County,21909,55895,0.391967
33011,NH,Hillsborough County,112057,234440,0.477977
33013,NH,Merrimack County,43364,92978,0.466390
33015,NH,Rockingham County,102539,202922,0.505312
33017,NH,Strafford County,33162,76688,0.432427
33019,NH,Sullivan County,12484,25221,0.494984
34001,NJ,Atlantic County,65817,129759,0.507225
34003,NJ,Bergen County,217096,459077,0.472897
34005,NJ,Burlington County,94116,229466,0.410152
34007,NJ,Camden County,87767,246954,0.355398
34009,NJ,Cape May County,32151,54568,0.589191
34011,NJ,Cumberland County,28675,55885,0.513107
34013,NJ,Essex County,83908,313283,0.267835
34015,NJ,Gloucester County,83326,164635,0.506126
34017,NJ,Hudson County,79913,231181,0.345673
34019,NJ,Hunterdon County,42391,80925,0.523831
34021,NJ,Mercer County,52274,163270,0.320169
34023,NJ,Middlesex County,162459,365187,0.444865
34025,NJ,Monmouth County,197409,360143,0.548141
34027,NJ,Morris County,143439,284666,0.503885
34029,NJ,Ocean County,227232,337135,0.674009
34031,NJ,Passaic County,100954,202767,0.497882
34033,NJ,Salem County,18229,31001,0.588013
34035,NJ,Somerset County,74101,177412,0.417677
34037,NJ,Sussex County,52123,84629,0.615900
34039,NJ,Union County,89063,240632,0.370121
34041,NJ,Warren County,35772,60150,0.594713
35001,NM,Bernalillo County,118762,310844,0.382063
35003,NM,Catron County,1752,2328,0.752577
35005,NM,Chaves County,15894,22028,0.721536
35006,NM,Cibola County,4311,8957,0.481300
35007,NM,Colfax County,3252,5711,0.569427
35009,NM,Curry County,10714,15109,0.709114
35011,NM,De Baca County,649,855,0.759064
35013,NM,Do?a Ana County,37594,85407,0.440175
35015,NM,Eddy County,18141,23342,0.777183
35017,NM,Grant County,6580,14024,0.469196
35019,NM,Guadalupe County,945,1904,0.496324
35021,NM,Harding County,297,425,0.698824
35023,NM,Hidalgo County,1140,1845,0.617886
35025,NM,Lea County,16997,21181,0.802464
35027,NM,Lincoln County,6942,10023,0.692607
35028,NM,Los Alamos County,4047,12161,0.332785
35029,NM,Luna County,4698,7970,0.589460
35031,NM,McKinley County,9364,25839,0.362398
35033,NM,Mora County,1010,2449,0.412413
35035,NM,Otero County,15117,24190,0.624928
35037,NM,Quay County,2570,3625,0.708966
35039,NM,Rio Arriba County,6268,15871,0.394934
35041,NM,Roosevelt County,4687,6533,0.717435
35043,NM,Sandoval County,36605,79540,0.460209
35045,NM,San Juan County,34264,52926,0.647394
35047,NM,San Miguel County,3887,10972,0.354265
35049,NM,Santa Fe County,20457,83521,0.244932
35051,NM,Sierra County,3473,5822,0.596530
35053,NM,Socorro County,3651,7150,0.510629
35055,NM,Taos County,4139,16412,0.252194
35057,NM,Torrance County,4880,7056,0.691610
35059,NM,Union County,1247,1625,0.767385
35061,NM,Valencia County,19057,33277,0.572678
36001,NY,Albany County,54560,148577,0.367217
36003,NY,Allegany County,13826,19376,0.713563
36005,NY,Bronx County,98174,362890,0.270534
36007,NY,Broome County,44763,90459,0.494843
36009,NY,Cattaraugus County,22586,34107,0.662210
36011,NY,Cayuga County,20482,36343,0.563575
36013,NY,Chautauqua County,34528,56751,0.608412
36015,NY,Chemung County,21861,37560,0.582029
36017,NY,Chenango County,14294,22540,0.634161
36019,NY,Clinton County,18247,35817,0.509451
36021,NY,Columbia County,15168,35897,0.422542
36023,NY,Cortland County,11706,22063,0.530572
36025,NY,Delaware County,13789,23156,0.595483
36027,NY,Dutchess County,71778,152659,0.470185
36029,NY,Erie County,204774,456550,0.448525
36031,NY,Essex County,9533,19236,0.495581
36033,NY,Franklin County,10569,19458,0.543170
36035,NY,Fulton County,16237,23953,0.677869
36037,NY,Genesee County,18997,28444,0.667874
36039,NY,Greene County,14702,25310,0.580877
36041,NY,Hamilton County,2223,3439,0.646409
36043,NY,Herkimer County,19557,28725,0.680836
36045,NY,Jefferson County,26417,42843,0.616600
36047,NY,Kings County,233964,847934,0.275922
36049,NY,Lewis County,9353,12966,0.721348
36051,NY,Livingston County,18780,31035,0.605123
36053,NY,Madison County,19025,33814,0.562637
36055,NY,Monroe County,145940,362715,0.402354
36057,NY,Montgomery County,13286,20712,0.641464
36059,NY,Nassau County,368117,712299,0.516801
36061,NY,New York County,113921,654372,0.174092
36063,NY,Niagara County,58678,102431,0.572854
36065,NY,Oneida County,60687,100258,0.605308
36067,NY,Onondaga County,93916,228381,0.411225
36069,NY,Ontario County,30221,59987,0.503792
36071,NY,Orange County,94936,175660,0.540453
36073,NY,Orleans County,12659,18071,0.700515
36075,NY,Oswego County,33548,54163,0.619390
36077,NY,Otsego County,15256,28436,0.536503
36079,NY,Putnam County,31553,55765,0.565821
36081,NY,Queens County,264628,712191,0.371569
36083,NY,Rensselaer County,38601,78736,0.490259
36085,NY,Richmond County,128151,199620,0.641975
36087,NY,Rockland County,83543,150072,0.556686
36089,NY,St. Lawrence County,25919,44026,0.588720
36091,NY,Saratoga County,63940,130812,0.488793
36093,NY,Schenectady County,31975,72165,0.443082
36095,NY,Schoharie County,10423,16042,0.649732
36097,NY,Schuyler County,5717,9486,0.602678
36099,NY,Seneca County,8379,15034,0.557337
36101,NY,Steuben County,29777,45344,0.656691
36103,NY,Suffolk County,417549,762849,0.547355
36105,NY,Sullivan County,20386,35062,0.581427
36107,NY,Tioga County,15038,24559,0.612321
36109,NY,Tompkins County,11354,46532,0.244004
36111,NY,Ulster County,39743,98534,0.403343
36113,NY,Warren County,18606,35829,0.519300
36115,NY,Washington County,17268,28586,0.604072
36117,NY,Wayne County,27286,44443,0.613955
36119,NY,Westchester County,167795,457838,0.366494
36121,NY,Wyoming County,14112,19041,0.741138
36123,NY,Yates County,6098,10542,0.578448
37001,NC,Alamance County,47937,89831,0.533635
37003,NC,Alexander County,16404,20677,0.793345
37005,NC,Alleghany County,4900,6496,0.754310
37007,NC,Anson County,5525,10875,0.508046
37009,NC,Ashe County,11629,16253,0.715499
37011,NC,Avery County,7181,9489,0.756771
37013,NC,Beaufort County,17296,26572,0.650911
37015,NC,Bertie County,3840,9186,0.418027
37017,NC,Bladen County,10035,16764,0.598604
37019,NC,Brunswick County,67658,109378,0.618570
37021,NC,Buncombe County,59016,160510,0.367678
37023,NC,Burke County,32130,45847,0.700809
37025,NC,Cabarrus County,63746,120202,0.530324
37027,NC,Caldwell County,33009,43540,0.758130
37029,NC,Camden County,4716,6304,0.748096
37031,NC,Carteret County,32508,45817,0.709518
37033,NC,Caswell County,7445,12040,0.618355
37035,NC,Catawba County,59577,87109,0.683936
37037,NC,Chatham County,22507,52301,0.430336
37039,NC,Cherokee County,13883,17824,0.778894
37041,NC,Chowan County,4587,7552,0.607389
37043,NC,Clay County,5761,7728,0.745471
37045,NC,Cleveland County,34654,51706,0.670212
37047,NC,Columbus County,17592,26402,0.666313
37049,NC,Craven County,33477,56173,0.595962
37051,NC,Cumberland County,59840,140513,0.425868
37053,NC,Currituck County,13235,18053,0.733119
37055,NC,Dare County,14792,25196,0.587077
37057,NC,Davidson County,67959,93452,0.727208
37059,NC,Davie County,19398,26850,0.722458
37061,NC,Duplin County,14677,22898,0.640973
37063,NC,Durham County,32853,180912,0.181597
37065,NC,Edgecombe County,9355,24448,0.382649
37067,NC,Forsyth County,87292,204726,0.426385
37069,NC,Franklin County,23938,42667,0.561042
37071,NC,Gaston County,73828,119256,0.619072
37073,NC,Gates County,3538,5868,0.602931
37075,NC,Graham County,3883,4779,0.812513
37077,NC,Granville County,17383,32104,0.541459
37079,NC,Greene County,4965,8450,0.587574
37081,NC,Guilford County,109077,285053,0.382655
37083,NC,Halifax County,9778,23965,0.408012
37085,NC,Harnett County,39440,63757,0.618599
37087,NC,Haywood County,23393,37851,0.618029
37089,NC,Henderson County,39497,69974,0.564453
37091,NC,Hertford County,3561,9843,0.361780
37093,NC,Hoke County,10547,22767,0.463258
37095,NC,Hyde County,1465,2421,0.605122
37097,NC,Iredell County,72801,110875,0.656604
37099,NC,Jackson County,11796,21942,0.537599
37101,NC,Johnston County,74878,124678,0.600571
37103,NC,Jones County,3409,5463,0.624016
37105,NC,Lee County,17489,30081,0.581397
37107,NC,Lenoir County,14564,27503,0.529542
37109,NC,Lincoln County,40183,55582,0.722950
37111,NC,McDowell County,17520,23655,0.740647
37113,NC,Macon County,14981,21934,0.683004
37115,NC,Madison County,8275,13621,0.607518
37117,NC,Martin County,6601,12040,0.548256
37119,NC,Mecklenburg County,187770,577505,0.325140
37121,NC,Mitchell County,6843,8842,0.773920
37123,NC,Montgomery County,9044,13206,0.684840
37125,NC,Moore County,39617,61790,0.641156
37127,NC,Nash County,26431,52471,0.503726
37129,NC,New Hanover County,67949,138734,0.489779
37131,NC,Northampton County,3905,9215,0.423766
37133,NC,Onslow County,54960,81681,0.672861
37135,NC,Orange County,20806,87807,0.236951
37137,NC,Pamlico County,5229,7976,0.655592
37139,NC,Pasquotank County,10537,20343,0.517967
37141,NC,Pender County,26042,38909,0.669305
37143,NC,Perquimans County,5278,7666,0.688495
37145,NC,Person County,13509,22036,0.613042
37147,NC,Pitt County,40403,87130,0.463709
37149,NC,Polk County,8107,13068,0.620370
37151,NC,Randolph County,59357,76008,0.780931
37153,NC,Richmond County,11931,19873,0.600362
37155,NC,Robeson County,29647,46770,0.633889
37157,NC,Rockingham County,33447,49595,0.674403
37159,NC,Rowan County,50807,75394,0.673887
37161,NC,Rutherford County,25456,34670,0.734237
37163,NC,Sampson County,18178,28201,0.644587
37165,NC,Scotland County,7767,14626,0.531041
37167,NC,Stanly County,27518,36714,0.749523
37169,NC,Stokes County,21548,27175,0.792935
37171,NC,Surry County,28565,37508,0.761571
37173,NC,Swain County,4311,7052,0.611316
37175,NC,Transylvania County,11492,20780,0.553032
37177,NC,Tyrrell County,1057,1757,0.601594
37179,NC,Union County,86271,139355,0.619074
37181,NC,Vance County,8614,20092,0.428728
37183,NC,Wake County,236735,653580,0.362213
37185,NC,Warren County,3976,10013,0.397084
37187,NC,Washington County,2768,5944,0.465680
37189,NC,Watauga County,15254,33095,0.460916
37191,NC,Wayne County,31580,54762,0.576677
37193,NC,Wilkes County,28812,36320,0.793282
37195,NC,Wilson County,19750,40045,0.493195
37197,NC,Yadkin County,16439,20397,0.805952
37199,NC,Yancey County,7509,11283,0.665514
38001,ND,Adams County,962,1201,0.800999
38003,ND,Barnes County,3531,5339,0.661360
38005,ND,Benson County,1163,2002,0.580919
38007,ND,Billings County,543,647,0.839258
38009,ND,Bottineau County,2628,3447,0.762402
38011,ND,Bowman County,1384,1618,0.855377
38013,ND,Burke County,909,1056,0.860795
38015,ND,Burleigh County,36595,52263,0.700209
38017,ND,Cass County,47873,90851,0.526940
38019,ND,Cavalier County,1461,1987,0.735279
38021,ND,Dickey County,1829,2453,0.745618
38023,ND,Divide County,914,1201,0.761032
38025,ND,Dunn County,1877,2242,0.837199
38027,ND,Eddy County,862,1205,0.715353
38029,ND,Emmons County,1697,1930,0.879275
38031,ND,Foster County,1326,1703,0.778626
38033,ND,Golden Valley County,847,991,0.854692
38035,ND,Grand Forks County,18123,31411,0.576963
38037,ND,Grant County,1076,1306,0.823890
38039,ND,Griggs County,963,1289,0.747091
38041,ND,Hettinger County,1089,1306,0.833844
38043,ND,Kidder County,1137,1398,0.813305
38045,ND,LaMoure County,1614,2123,0.760245
38047,ND,Logan County,898,1033,0.869313
38049,ND,McHenry County,2223,2752,0.807776
38051,ND,McIntosh County,1132,1390,0.814388
38053,ND,McKenzie County,4627,5521,0.838073
38055,ND,McLean County,4231,5421,0.780483
38057,ND,Mercer County,3798,4555,0.833809
38059,ND,Morton County,12839,17036,0.753639
38061,ND,Mountrail County,2877,4073,0.706359
38063,ND,Nelson County,1141,1761,0.647927
38065,ND,Oliver County,909,1087,0.836247
38067,ND,Pembina County,2350,3112,0.755141
38069,ND,Pierce County,1493,1970,0.757868
38071,ND,Ramsey County,3609,5239,0.688872
38073,ND,Ransom County,1661,2649,0.627029
38075,ND,Renville County,993,1208,0.822020
38077,ND,Richland County,5576,8261,0.674979
38079,ND,Rolette County,1427,4075,0.350184
38081,ND,Sargent County,1325,2043,0.648556
38083,ND,Sheridan County,644,757,0.850727
38085,ND,Sioux County,285,953,0.299056
38087,ND,Slope County,351,389,0.902314
38089,ND,Stark County,12323,15100,0.816093
38091,ND,Steele County,622,1015,0.612808
38093,ND,Stutsman County,7185,10134,0.708999
38095,ND,Towner County,796,1114,0.714542
38097,ND,Traill County,2650,4115,0.643985
38099,ND,Walsh County,3186,4496,0.708630
38101,ND,Ward County,20635,28552,0.722716
38103,ND,Wells County,1815,2253,0.805593
38105,ND,Williams County,12501,15122,0.826676
39001,OH,Adams County,10269,12429,0.826213
39003,OH,Allen County,33201,46369,0.716017
39005,OH,Ashland County,19863,26663,0.744965
39007,OH,Ashtabula County,27656,43374,0.637617
39009,OH,Athens County,11369,25776,0.441069
39011,OH,Auglaize County,20988,25629,0.818916
39013,OH,Belmont County,22758,31037,0.733254
39015,OH,Brown County,17257,21444,0.804747
39017,OH,Butler County,114831,183197,0.626817
39019,OH,Carroll County,10634,13819,0.769520
39021,OH,Champaign County,15334,20475,0.748913
39023,OH,Clark County,40403,62855,0.642797
39025,OH,Clermont County,76964,114143,0.674277
39027,OH,Clinton County,15984,20779,0.769238
39029,OH,Columbiana County,35607,48053,0.740994
39031,OH,Coshocton County,12362,16337,0.756687
39033,OH,Crawford County,15402,20245,0.760780
39035,OH,Cuyahoga County,195164,576520,0.338521
39037,OH,Darke County,22234,27002,0.823420
39039,OH,Defiance County,13302,19156,0.694404
39041,OH,Delaware County,70448,133392,0.528128
39043,OH,Erie County,22493,39749,0.565876
39045,OH,Fairfield County,51999,84457,0.615686
39047,OH,Fayette County,9706,12571,0.772095
39049,OH,Franklin County,210830,598225,0.352426
39051,OH,Fulton County,15893,22454,0.707803
39053,OH,Gallia County,10314,13002,0.793263
39055,OH,Geauga County,33844,54894,0.616534
39057,OH,Greene County,53399,90041,0.593052
39059,OH,Guernsey County,13314,17601,0.756434
39061,OH,Hamilton County,172365,410085,0.420315
39063,OH,Hancock County,26052,37943,0.686609
39065,OH,Hardin County,9911,12893,0.768712
39067,OH,Harrison County,5484,7110,0.771308
39069,OH,Henry County,10873,14912,0.729144
39071,OH,Highland County,16269,19987,0.813979
39073,OH,Hocking County,9679,13489,0.717548
39075,OH,Holmes County,10384,12335,0.841832
39077,OH,Huron County,19484,27216,0.715902
39079,OH,Jackson County,11249,14287,0.787359
39081,OH,Jefferson County,22317,31267,0.713756
39083,OH,Knox County,23112,32104,0.719910
39085,OH,Lake County,72924,128579,0.567153
39087,OH,Lawrence County,20013,26713,0.749186
39089,OH,Licking County,61359,95060,0.645477
39091,OH,Logan County,18182,23406,0.776809
39093,OH,Lorain County,83297,159007,0.523857
39095,OH,Lucas County,82398,190609,0.432288
39097,OH,Madison County,14737,20669,0.713000
39099,OH,Mahoning County,61249,112705,0.543445
39101,OH,Marion County,19219,27359,0.702475
39103,OH,Medina County,66308,107045,0.619440
39105,OH,Meigs County,8127,10400,0.781442
39107,OH,Mercer County,19710,23753,0.829790
39109,OH,Miami County,42677,59188,0.721041
39111,OH,Monroe County,5396,6796,0.793996
39113,OH,Montgomery County,125566,254837,0.492731
39115,OH,Morgan County,5168,6782,0.762017
39117,OH,Morrow County,14609,18857,0.774726
39119,OH,Muskingum County,28147,39331,0.715644
39121,OH,Noble County,5050,6161,0.819672
39123,OH,Ottawa County,14872,23960,0.620701
39125,OH,Paulding County,7203,9277,0.776436
39127,OH,Perry County,13062,16992,0.768715
39129,OH,Pickaway County,21607,29280,0.737944
39131,OH,Pike County,9352,12218,0.765428
39133,OH,Portage County,47681,83226,0.572910
39135,OH,Preble County,17146,21656,0.791744
39137,OH,Putnam County,16576,19758,0.838951
39139,OH,Richland County,41298,58362,0.707618
39141,OH,Ross County,22801,32932,0.692366
39143,OH,Sandusky County,19311,29716,0.649852
39145,OH,Scioto County,22978,31180,0.736947
39147,OH,Seneca County,17241,25263,0.682461
39149,OH,Shelby County,20740,25288,0.820152
39151,OH,Stark County,111478,184193,0.605224
39153,OH,Summit County,125910,273571,0.460246
39155,OH,Trumbull County,55983,96532,0.579942
39157,OH,Tuscarawas County,30652,43023,0.712456
39159,OH,Union County,23982,37301,0.642932
39161,OH,Van Wert County,11616,14729,0.788648
39163,OH,Vinton County,4531,5738,0.789648
39165,OH,Warren County,91132,139619,0.652719
39167,OH,Washington County,22161,31000,0.714871
39169,OH,Wayne County,36764,53150,0.691703
39171,OH,Williams County,13461,18275,0.736580
39173,OH,Wood County,36877,67586,0.545631
39175,OH,Wyandot County,8564,11390,0.751888
40001,OK,Adair County,5860,7256,0.807607
40003,OK,Alfalfa County,1891,2160,0.875463
40005,OK,Atoka County,4832,5662,0.853409
40007,OK,Beaver County,1938,2124,0.912429
40009,OK,Beckham County,6474,7678,0.843188
40011,OK,Blaine County,3054,3786,0.806656
40013,OK,Bryan County,13999,17812,0.785931
40015,OK,Caddo County,6886,9496,0.725147
40017,OK,Canadian County,50551,73074,0.691778
40019,OK,Carter County,14945,19488,0.766882
40021,OK,Cherokee County,11637,17823,0.652920
40023,OK,Choctaw County,4633,5639,0.821600
40025,OK,Cimarron County,860,935,0.919786
40027,OK,Cleveland County,67225,119294,0.563524
40029,OK,Coal County,2155,2538,0.849094
40031,OK,Comanche County,20823,34284,0.607368
40033,OK,Cotton County,2067,2506,0.824820
40035,OK,Craig County,4740,6056,0.782695
40037,OK,Creek County,24098,31312,0.769609
40039,OK,Custer County,7693,10168,0.756589
40041,OK,Delaware County,14407,18108,0.795615
40043,OK,Dewey County,1984,2215,0.895711
40045,OK,Ellis County,1585,1812,0.874724
40047,OK,Garfield County,16593,21844,0.759614
40049,OK,Garvin County,9063,10991,0.824584
40051,OK,Grady County,20378,25283,0.805996
40053,OK,Grant County,1794,2125,0.844235
40055,OK,Greer County,1511,1836,0.822985
40057,OK,Harmon County,709,882,0.803855
40059,OK,Harper County,1284,1451,0.884907
40061,OK,Haskell County,4156,4936,0.841977
40063,OK,Hughes County,3744,4659,0.803606
40065,OK,Jackson County,6295,8053,0.781696
40067,OK,Jefferson County,2020,2375,0.850526
40069,OK,Johnston County,3462,4230,0.818440
40071,OK,Kay County,12483,16913,0.738071
40073,OK,Kingfisher County,5745,6754,0.850607
40075,OK,Kiowa County,2569,3278,0.783710
40077,OK,Latimer County,3356,4079,0.822751
40079,OK,Le Flore County,15333,18754,0.817586
40081,OK,Lincoln County,12495,15465,0.807953
40083,OK,Logan County,17748,24149,0.734937
40085,OK,Love County,3510,4260,0.823944
40087,OK,McClain County,17005,21397,0.794738
40089,OK,McCurtain County,9485,11309,0.838713
40091,OK,McIntosh County,6387,8439,0.756843
40093,OK,Major County,3087,3478,0.887579
40095,OK,Marshall County,5348,6589,0.811656
40097,OK,Mayes County,13514,17374,0.777829
40099,OK,Murray County,4689,5885,0.796771
40101,OK,Muskogee County,16550,24357,0.679476
40103,OK,Noble County,3853,4957,0.777285
40105,OK,Nowata County,3774,4561,0.827450
40107,OK,Okfuskee County,3080,3988,0.772317
40109,OK,Oklahoma County,143618,288923,0.497081
40111,OK,Okmulgee County,10100,14349,0.703882
40113,OK,Osage County,14404,20628,0.698274
40115,OK,Ottawa County,8490,11178,0.759528
40117,OK,Pawnee County,5405,6880,0.785610
40119,OK,Payne County,17962,29279,0.613477
40121,OK,Pittsburg County,13841,17572,0.787674
40123,OK,Pontotoc County,10967,15174,0.722749
40125,OK,Pottawatomie County,20915,28774,0.726871
40127,OK,Pushmataha County,4025,4702,0.856019
40129,OK,Roger Mills County,1548,1733,0.893249
40131,OK,Rogers County,35942,46902,0.766321
40133,OK,Seminole County,5951,8044,0.739806
40135,OK,Sequoyah County,12491,15583,0.801579
40137,OK,Stephens County,15092,18620,0.810526
40139,OK,Texas County,4319,5206,0.829620
40141,OK,Tillman County,2006,2533,0.791946
40143,OK,Tulsa County,145241,256939,0.565274
40145,OK,Wagoner County,28487,38501,0.739903
40147,OK,Washington County,16836,23174,0.726504
40149,OK,Washita County,4030,4652,0.866294
40151,OK,Woods County,2955,3638,0.812259
40153,OK,Woodward County,6231,7312,0.852161
41001,OR,Baker County,7060,9694,0.728286
41003,OR,Benton County,14187,50232,0.282430
41005,OR,Clackamas County,106387,246240,0.432046
41007,OR,Clatsop County,9913,23290,0.425633
41009,OR,Columbia County,17227,31334,0.549786
41011,OR,Coos County,20849,35735,0.583434
41013,OR,Crook County,12012,16297,0.737068
41015,OR,Curry County,8000,14200,0.563380
41017,OR,Deschutes County,54850,127375,0.430618
41019,OR,Douglas County,41561,61807,0.672432
41021,OR,Gilliam County,805,1134,0.709877
41023,OR,Grant County,3490,4456,0.783214
41025,OR,Harney County,3307,4255,0.777203
41027,OR,Hood River County,3854,12707,0.303297
41029,OR,Jackson County,61743,119572,0.516367
41031,OR,Jefferson County,7454,11750,0.634383
41033,OR,Josephine County,31129,49628,0.627247
41035,OR,Klamath County,24675,35515,0.694777
41037,OR,Lake County,3421,4213,0.812010
41039,OR,Lane County,77376,211285,0.366216
41041,OR,Lincoln County,11645,29804,0.390719
41043,OR,Linn County,43078,71429,0.603088
41045,OR,Malheur County,7710,10945,0.704431
41047,OR,Marion County,77089,156691,0.491981
41049,OR,Morrow County,3408,4732,0.720203
41051,OR,Multnomah County,70759,414250,0.170812
41053,OR,Polk County,23768,47593,0.499401
41055,OR,Sherman County,890,1163,0.765262
41057,OR,Tillamook County,7971,16252,0.490463
41059,OR,Umatilla County,20973,31225,0.671673
41061,OR,Union County,9942,14574,0.682174
41063,OR,Wallowa County,3366,5108,0.658966
41065,OR,Wasco County,6837,13391,0.510567
41067,OR,Washington County,92590,297949,0.310758
41069,OR,Wheeler County,618,868,0.711982
41071,OR,Yamhill County,29536,57800,0.511003
42001,PA,Adams County,40248,60650,0.663611
42003,PA,Allegheny County,283595,720504,0.393606
42005,PA,Armstrong County,28296,37119,0.762305
42007,PA,Beaver County,56837,94843,0.599275
42009,PA,Bedford County,23658,28160,0.840128
42011,PA,Berks County,116677,209838,0.556034
42013,PA,Blair County,46352,64949,0.713668
42015,PA,Bradford County,22937,31192,0.735349
42017,PA,Bucks County,198722,401028,0.495531
42019,PA,Butler County,79773,121440,0.656892
42021,PA,Cambria County,49408,71136,0.694557
42023,PA,Cameron County,1654,2219,0.745381
42025,PA,Carbon County,23708,35395,0.669812
42027,PA,Centre County,38829,80792,0.480605
42029,PA,Chester County,137299,324964,0.422505
42031,PA,Clarion County,15036,19733,0.761972
42033,PA,Clearfield County,30481,40430,0.753920
42035,PA,Clinton County,12965,18522,0.699978
42037,PA,Columbia County,21190,32576,0.650479
42039,PA,Crawford County,29685,42872,0.692410
42041,PA,Cumberland County,80267,148396,0.540897
42043,PA,Dauphin County,69474,149526,0.464628
42045,PA,Delaware County,123421,328172,0.376086
42047,PA,Elk County,12543,17153,0.731242
42049,PA,Erie County,68866,137595,0.500498
42051,PA,Fayette County,43633,63472,0.687437
42053,PA,Forest County,1902,2650,0.717736
42055,PA,Franklin County,59604,83884,0.710553
42057,PA,Fulton County,7039,8177,0.860829
42059,PA,Greene County,12319,17236,0.714725
42061,PA,Huntingdon County,17627,23156,0.761228
42063,PA,Indiana County,29215,42229,0.691823
42065,PA,Jefferson County,18235,23129,0.788404
42067,PA,Juniata County,9721,12104,0.803123
42069,PA,Lackawanna County,56261,116590,0.482554
42071,PA,Lancaster County,166261,289257,0.574786
42073,PA,Lawrence County,31347,47110,0.665400
42075,PA,Lebanon County,48282,73692,0.655186
42077,PA,Lehigh County,91207,189810,0.480517
42079,PA,Luzerne County,92444,156150,0.592020
42081,PA,Lycoming County,41961,59685,0.703041
42083,PA,McKean County,14401,19682,0.731684
42085,PA,Mercer County,37761,58410,0.646482
42087,PA,Mifflin County,17184,22071,0.778578
42089,PA,Monroe County,42676,85525,0.498989
42091,PA,Montgomery County,198311,520906,0.380704
42093,PA,Montour County,5944,9908,0.599919
42095,PA,Northampton County,89817,178215,0.503981
42097,PA,Northumberland County,30240,43522,0.694821
42099,PA,Perry County,19073,25725,0.741419
42101,PA,Philadelphia County,144311,721441,0.200032
42103,PA,Pike County,21537,34950,0.616223
42105,PA,Potter County,7334,9085,0.807265
42107,PA,Schuylkill County,51665,73184,0.705960
42109,PA,Snyder County,14664,20038,0.731810
42111,PA,Somerset County,31993,40881,0.782588
42113,PA,Sullivan County,2721,3721,0.731255
42115,PA,Susquehanna County,16114,22404,0.719247
42117,PA,Tioga County,16272,21587,0.753787
42119,PA,Union County,12969,21188,0.612092
42121,PA,Venango County,18883,26732,0.706382
42123,PA,Warren County,14345,20723,0.692226
42125,PA,Washington County,75929,121617,0.624329
42127,PA,Wayne County,20071,29444,0.681667
42129,PA,Westmoreland County,135008,211450,0.638487
42131,PA,Wyoming County,10222,15052,0.679112
42133,PA,York County,154884,249210,0.621500
45001,SC,Abbeville County,8509,24096,0.353129
45003,SC,Aiken County,53592,172182,0.311252
45005,SC,Allendale County,813,6046,0.134469
45007,SC,Anderson County,71828,196592,0.365366
45009,SC,Bamberg County,2376,11388,0.208641
45011,SC,Barnwell County,5605,19606,0.285882
45013,SC,Beaufort County,59123,208806,0.283148
45015,SC,Berkeley County,64777,225668,0.287046
45017,SC,Calhoun County,4474,15828,0.282664
45019,SC,Charleston County,99265,429042,0.231364
45021,SC,Cherokee County,18697,49678,0.376364
45023,SC,Chester County,9030,31112,0.290242
45025,SC,Chesterfield County,11682,36782,0.317601
45027,SC,Clarendon County,9065,32640,0.277727
45029,SC,Colleton County,10696,36552,0.292624
45031,SC,Darlington County,17017,60662,0.280522
45033,SC,Dillon County,6526,23722,0.275103
45035,SC,Dorchester County,43839,155528,0.281872
45037,SC,Edgefield County,9092,27838,0.326604
45039,SC,Fairfield County,4792,22430,0.213642
45041,SC,Florence County,32615,122280,0.266724
45043,SC,Georgetown County,22326,75508,0.295677
45045,SC,Greenville County,158541,526632,0.301047
45047,SC,Greenwood County,19715,61776,0.319137
45049,SC,Hampton County,3801,16466,0.230839
45051,SC,Horry County,141719,411908,0.344055
45053,SC,Jasper County,9900,36454,0.271575
45055,SC,Kershaw County,21289,67066,0.317434
45057,SC,Lancaster County,33623,108854,0.308882
45059,SC,Laurens County,21110,60426,0.349353
45061,SC,Lee County,3078,16152,0.190565
45063,SC,Lexington County,96965,293806,0.330031
45065,SC,McCormick County,3565,12306,0.289696
45067,SC,Marion County,5906,26776,0.220571
45069,SC,Marlboro County,4896,20304,0.241135
45071,SC,Newberry County,12067,36258,0.332809
45073,SC,Oconee County,31772,84528,0.375875
45075,SC,Orangeburg County,13750,73940,0.185962
45077,SC,Pickens County,45728,120902,0.378224
45079,SC,Richland County,58019,364822,0.159034
45081,SC,Saluda County,6452,18028,0.357888
45083,SC,Spartanburg County,103032,311194,0.331086
45085,SC,Sumter County,21215,90340,0.234835
45087,SC,Union County,8102,24578,0.329644
45089,SC,Williamsburg County,5524,28660,0.192742
45091,SC,York County,88239,300118,0.294014
46003,SD,Aurora County,1056,1393,0.758076
46005,SD,Beadle County,4826,7010,0.688445
46007,SD,Bennett County,676,1088,0.621324
46009,SD,Bon Homme County,2236,2992,0.747326
46011,SD,Brookings County,8575,14939,0.574001
46013,SD,Brown County,10645,17043,0.624597
46015,SD,Brule County,1694,2423,0.699133
46017,SD,Buffalo County,164,466,0.351931
46019,SD,Butte County,4024,5082,0.791814
46021,SD,Campbell County,706,836,0.844498
46023,SD,Charles Mix County,2551,3615,0.705671
46025,SD,Clark County,1382,1842,0.750271
46027,SD,Clay County,2574,5657,0.455011
46029,SD,Codington County,9349,13510,0.692006
46031,SD,Corson County,631,1143,0.552056
46033,SD,Custer County,4313,6001,0.718714
46035,SD,Davison County,6208,9177,0.676474
46037,SD,Day County,1876,2932,0.639836
46039,SD,Deuel County,1717,2298,0.747171
46041,SD,Dewey County,793,1871,0.423838
46043,SD,Douglas County,1419,1658,0.855850
46045,SD,Edmunds County,1618,2031,0.796652
46047,SD,Fall River County,3135,4274,0.733505
46049,SD,Faulk County,920,1130,0.814159
46051,SD,Grant County,2594,3630,0.714601
46053,SD,Gregory County,1790,2267,0.789590
46055,SD,Haakon County,1004,1125,0.892444
46057,SD,Hamlin County,2560,3226,0.793552
46059,SD,Hand County,1376,1764,0.780045
46061,SD,Hanson County,1611,2046,0.787390
46063,SD,Harding County,754,820,0.919512
46065,SD,Hughes County,5379,8435,0.637700
46067,SD,Hutchinson County,2918,3736,0.781049
46069,SD,Hyde County,530,695,0.762590
46071,SD,Jackson County,753,1129,0.666962
46073,SD,Jerauld County,708,999,0.708709
46075,SD,Jones County,477,550,0.867273
46077,SD,Kingsbury County,1989,2801,0.710104
46079,SD,Lake County,3819,5906,0.646631
46081,SD,Lawrence County,9904,15409,0.642741
46083,SD,Lincoln County,22621,36393,0.621576
46085,SD,Lyman County,993,1447,0.686247
46087,SD,McCook County,2227,3031,0.734741
46089,SD,McPherson County,1087,1299,0.836798
46091,SD,Marshall County,1288,2109,0.610716
46093,SD,Meade County,10887,14672,0.742026
46095,SD,Mellette County,434,740,0.586486
46097,SD,Miner County,841,1167,0.720651
46099,SD,Minnehaha County,51842,93986,0.551593
46101,SD,Moody County,2068,3189,0.648479
46102,SD,Oglala Lakota County,406,3062,0.132593
46103,SD,Pennington County,35009,56580,0.618752
46105,SD,Perkins County,1342,1591,0.843495
46107,SD,Potter County,1059,1298,0.815871
46109,SD,Roberts County,2514,4149,0.605929
46111,SD,Sanborn County,929,1212,0.766502
46115,SD,Spink County,2145,3139,0.683339
46117,SD,Stanley County,1260,1735,0.726225
46119,SD,Sully County,716,901,0.794673
46121,SD,Todd County,497,2126,0.233772
46123,SD,Tripp County,2150,2654,0.810098
46125,SD,Turner County,3374,4538,0.743499
46127,SD,Union County,6160,8876,0.694006
46129,SD,Walworth County,1940,2466,0.786699
46135,SD,Yankton County,6650,10832,0.613922
46137,SD,Ziebach County,388,781,0.496799
47001,TN,Anderson County,24582,36548,0.672595
47003,TN,Bedford County,15772,20090,0.785067
47005,TN,Benton County,5886,7260,0.810744
47007,TN,Bledsoe County,5254,6191,0.848651
47009,TN,Blount County,50699,69224,0.732391
47011,TN,Bradley County,38836,49246,0.788612
47013,TN,Campbell County,13115,15528,0.844603
47015,TN,Cannon County,5682,6881,0.825752
47017,TN,Carroll County,9547,11882,0.803484
47019,TN,Carter County,20167,24852,0.811484
47021,TN,Cheatham County,14987,20741,0.722578
47023,TN,Chester County,6206,7577,0.819058
47025,TN,Claiborne County,11463,13534,0.846978
47027,TN,Clay County,3117,3760,0.828989
47029,TN,Cocke County,13105,15663,0.836685
47031,TN,Coffee County,19174,24932,0.769052
47033,TN,Crockett County,4674,5921,0.789394
47035,TN,Cumberland County,27399,34642,0.790919
47037,TN,Davidson County,102256,290036,0.352563
47039,TN,Decatur County,4596,5466,0.840834
47041,TN,DeKalb County,7599,9396,0.808748
47043,TN,Dickson County,19002,25204,0.753928
47045,TN,Dyer County,11603,14394,0.806100
47047,TN,Fayette County,16756,23696,0.707124
47049,TN,Fentress County,8555,9771,0.875550
47051,TN,Franklin County,15016,19728,0.761152
47053,TN,Gibson County,16346,21648,0.755081
47055,TN,Giles County,10394,13487,0.770668
47057,TN,Grainger County,9630,11130,0.865229
47059,TN,Greene County,25586,31095,0.822833
47061,TN,Grundy County,5334,6328,0.842920
47063,TN,Hamblen County,20154,25501,0.790322
47065,TN,Hamilton County,97195,174438,0.557189
47067,TN,Hancock County,2558,2908,0.879642
47069,TN,Hardeman County,5793,9399,0.616342
47071,TN,Hardin County,10293,12094,0.851083
47073,TN,Hawkins County,22066,26266,0.840097
47075,TN,Haywood County,3286,6652,0.493987
47077,TN,Henderson County,10083,12047,0.836972
47079,TN,Henry County,11629,15076,0.771358
47081,TN,Hickman County,8265,10309,0.801727
47083,TN,Houston County,2989,3810,0.784514
47085,TN,Humphreys County,6400,8264,0.774443
47087,TN,Jackson County,4586,5676,0.807963
47089,TN,Jefferson County,21068,25815,0.816115
47091,TN,Johnson County,6829,8102,0.842878
47093,TN,Knox County,130815,221864,0.589618
47095,TN,Lake County,1493,1939,0.769985
47097,TN,Lauderdale County,5633,8266,0.681466
47099,TN,Lawrence County,16429,19533,0.841089
47101,TN,Lewis County,4852,5890,0.823769
47103,TN,Lincoln County,13208,16128,0.818948
47105,TN,Loudon County,25226,33209,0.759613
47107,TN,McMinn County,19673,24072,0.817257
47109,TN,McNairy County,9437,11267,0.837579
47111,TN,Macon County,8958,10333,0.866931
47113,TN,Madison County,23385,39964,0.585152
47115,TN,Marion County,10788,13933,0.774277
47117,TN,Marshall County,12426,15962,0.778474
47119,TN,Maury County,37376,52090,0.717527
47121,TN,Meigs County,5085,6099,0.833743
47123,TN,Monroe County,18526,22323,0.829906
47125,TN,Montgomery County,47795,81755,0.584613
47127,TN,Moore County,3060,3654,0.837438
47129,TN,Morgan County,7427,8560,0.867640
47131,TN,Obion County,10596,12900,0.821395
47133,TN,Overton County,9042,11069,0.816876
47135,TN,Perry County,3139,3716,0.844726
47137,TN,Pickett County,2441,2954,0.826337
47139,TN,Polk County,7302,8727,0.836714
47141,TN,Putnam County,25554,34939,0.731389
47143,TN,Rhea County,11974,14444,0.828995
47145,TN,Roane County,21011,27412,0.766489
47147,TN,Robertson County,26260,35070,0.748788
47149,TN,Rutherford County,88811,147656,0.601472
47151,TN,Scott County,8608,9605,0.896200
47153,TN,Sequatchie County,6522,7890,0.826616
47155,TN,Sevier County,35207,43970,0.800705
47157,TN,Shelby County,118917,326497,0.364221
47159,TN,Smith County,7655,9336,0.819944
47161,TN,Stewart County,5389,6620,0.814048
47163,TN,Sullivan County,58154,75541,0.769834
47165,TN,Sumner County,68767,97761,0.703420
47167,TN,Tipton County,20303,26733,0.759473
47169,TN,Trousdale County,3359,4251,0.790167
47171,TN,Unicoi County,6876,8541,0.805058
47173,TN,Union County,7384,8669,0.851771
47175,TN,Van Buren County,2718,3265,0.832466
47177,TN,Warren County,13192,17015,0.775316
47179,TN,Washington County,42299,61234,0.690776
47181,TN,Wayne County,6016,6831,0.880691
47183,TN,Weakley County,10541,13394,0.786994
47185,TN,White County,10717,12931,0.828784
47187,TN,Williamson County,94562,144668,0.653648
47189,TN,Wilson County,56425,81254,0.694427
48001,TX,Anderson County,15597,19358,0.805713
48003,TX,Andrews County,5205,6060,0.858911
48005,TX,Angelina County,26049,34422,0.756754
48007,TX,Aransas County,10090,13031,0.774307
48009,TX,Archer County,4592,5132,0.894778
48011,TX,Armstrong County,1029,1109,0.927863
48013,TX,Atascosa County,13142,18444,0.712535
48015,TX,Austin County,12457,15383,0.809790
48017,TX,Bailey County,1395,1741,0.801264
48019,TX,Bandera County,10939,13600,0.804338
48021,TX,Bastrop County,23301,39806,0.585364
48023,TX,Baylor County,1471,1675,0.878209
48025,TX,Bee County,6111,8790,0.695222
48027,TX,Bell County,75161,130662,0.575232
48029,TX,Bexar County,337545,758323,0.445120
48031,TX,Blanco County,6447,8523,0.756424
48033,TX,Borden County,370,387,0.956072
48035,TX,Bosque County,7969,9576,0.832185
48037,TX,Bowie County,27122,36644,0.740148
48039,TX,Brazoria County,95867,162046,0.591604
48041,TX,Brazos County,56671,91961,0.616250
48043,TX,Brewster County,2545,4578,0.555920
48045,TX,Briscoe County,666,745,0.893960
48047,TX,Brooks County,1077,2402,0.448376
48049,TX,Brown County,14593,16853,0.865899
48051,TX,Burleson County,7590,9369,0.810118
48053,TX,Burnet County,21795,28153,0.774163
48055,TX,Caldwell County,8880,15693,0.565857
48057,TX,Calhoun County,5939,7832,0.758299
48059,TX,Callahan County,6180,6988,0.884373
48061,TX,Cameron County,60991,116153,0.525092
48063,TX,Camp County,4011,5242,0.765166
48065,TX,Carson County,2866,3177,0.902109
48067,TX,Cass County,11693,14143,0.826769
48069,TX,Castro County,1594,2023,0.787939
48071,TX,Chambers County,20567,24973,0.823569
48073,TX,Cherokee County,16593,20507,0.809138
48075,TX,Childress County,1991,2272,0.876320
48077,TX,Clay County,5288,5908,0.895058
48079,TX,Cochran County,735,893,0.823068
48081,TX,Coke County,1623,1814,0.894708
48083,TX,Coleman County,3712,4156,0.893167
48085,TX,Collin County,279534,515585,0.542169
48087,TX,Collingsworth County,1066,1201,0.887594
48089,TX,Colorado County,7824,9994,0.782870
48091,TX,Comal County,74756,103491,0.722343
48093,TX,Comanche County,5679,6544,0.867818
48095,TX,Concho County,1038,1198,0.866444
48097,TX,Cooke County,16975,20447,0.830195
48099,TX,Coryell County,16688,23926,0.697484
48101,TX,Cottle County,565,657,0.859970
48103,TX,Crane County,1195,1389,0.860331
48105,TX,Crockett County,1087,1417,0.767114
48107,TX,Crosby County,1416,1880,0.753191
48109,TX,Culberson County,451,781,0.577465
48111,TX,Dallam County,1285,1447,0.888044
48113,TX,Dallas County,322569,849872,0.379550
48115,TX,Dawson County,2810,3513,0.799886
48117,TX,Deaf Smith County,3233,4286,0.754316
48119,TX,Delta County,2250,2658,0.846501
48121,TX,Denton County,250521,449188,0.557720
48123,TX,DeWitt County,6515,7825,0.832588
48125,TX,Dickens County,844,993,0.849950
48127,TX,Dimmit County,1653,3427,0.482346
48129,TX,Donley County,1512,1712,0.883178
48131,TX,Duval County,2439,4461,0.546738
48133,TX,Eastland County,7397,8364,0.884385
48135,TX,Ector County,32429,42615,0.760976
48137,TX,Edwards County,869,1005,0.864677
48139,TX,Ellis County,64763,99557,0.650512
48141,TX,El Paso County,105124,251569,0.417873
48143,TX,Erath County,15349,18351,0.836412
48145,TX,Falls County,4520,6277,0.720089
48147,TX,Fannin County,13648,16395,0.832449
48149,TX,Fayette County,10699,13331,0.802565
48151,TX,Fisher County,1487,1830,0.812568
48153,TX,Floyd County,1715,2090,0.820574
48155,TX,Foard County,448,545,0.822018
48157,TX,Fort Bend County,173592,362524,0.478843
48159,TX,Franklin County,4473,5311,0.842214
48161,TX,Freestone County,7500,9045,0.829187
48163,TX,Frio County,3060,4945,0.618807
48165,TX,Gaines County,5840,6416,0.910224
48167,TX,Galveston County,100295,158996,0.630802
48169,TX,Garza County,1374,1599,0.859287
48171,TX,Gillespie County,13202,16492,0.800509
48173,TX,Glasscock County,623,663,0.939668
48175,TX,Goliad County,3178,3987,0.797091
48177,TX,Gonzales County,5981,7755,0.771244
48179,TX,Gray County,6691,7580,0.882718
48181,TX,Grayson County,50556,65915,0.766988
48183,TX,Gregg County,33026,46738,0.706620
48185,TX,Grimes County,11197,14051,0.796883
48187,TX,Guadalupe County,54691,85136,0.642396
48189,TX,Hale County,7283,9285,0.784383
48191,TX,Hall County,992,1149,0.863359
48193,TX,Hamilton County,3809,4465,0.853080
48195,TX,Hansford County,1842,1999,0.921461
48197,TX,Hardeman County,1210,1405,0.861210
48199,TX,Hardin County,24691,28157,0.876904
48201,TX,Harris County,722695,1557484,0.464014
48203,TX,Harrison County,22658,30243,0.749198
48205,TX,Hartley County,1843,2016,0.914187
48207,TX,Haskell County,1918,2247,0.853583
48209,TX,Hays County,58438,125827,0.464431
48211,TX,Hemphill County,1412,1612,0.875931
48213,TX,Henderson County,31379,38540,0.814193
48215,TX,Hidalgo County,110760,217265,0.509792
48217,TX,Hill County,13669,16706,0.818209
48219,TX,Hockley County,6616,7988,0.828242
48221,TX,Hood County,30174,36553,0.825486
48223,TX,Hopkins County,13754,16778,0.819764
48225,TX,Houston County,7247,9365,0.773839
48227,TX,Howard County,7817,9641,0.810808
48229,TX,Hudspeth County,759,1038,0.731214
48231,TX,Hunt County,36137,46733,0.773265
48233,TX,Hutchinson County,7273,8244,0.882217
48235,TX,Irion County,761,868,0.876728
48237,TX,Jack County,3819,4201,0.909069
48239,TX,Jackson County,5386,6329,0.851003
48241,TX,Jasper County,13162,15841,0.830882
48243,TX,Jeff Davis County,699,1169,0.597947
48245,TX,Jefferson County,46596,86314,0.539843
48247,TX,Jim Hogg County,725,1585,0.457413
48249,TX,Jim Wells County,7636,13268,0.575520
48251,TX,Johnson County,60752,80721,0.752617
48253,TX,Jones County,5988,6947,0.861955
48255,TX,Karnes County,4001,5075,0.788374
48257,TX,Kaufman County,44063,69406,0.634859
48259,TX,Kendall County,22668,29315,0.773256
48261,TX,Kenedy County,115,158,0.727848
48263,TX,Kent County,390,445,0.876404
48265,TX,Kerr County,21615,28170,0.767306
48267,TX,Kimble County,2126,2404,0.884359
48269,TX,King County,129,135,0.955556
48271,TX,Kinney County,1063,1419,0.749119
48273,TX,Kleberg County,5612,10014,0.560415
48275,TX,Knox County,1156,1376,0.840116
48277,TX,Lamar County,17044,21285,0.800752
48279,TX,Lamb County,3398,4151,0.818598
48281,TX,Lampasas County,8961,11301,0.792939
48283,TX,La Salle County,1417,2360,0.600424
48285,TX,Lavaca County,9215,10491,0.878372
48287,TX,Lee County,6724,8415,0.799049
48289,TX,Leon County,7982,9064,0.880627
48291,TX,Liberty County,25241,31323,0.805830
48293,TX,Limestone County,7081,9075,0.780275
48295,TX,Lipscomb County,1125,1259,0.893566
48297,TX,Live Oak County,4307,5093,0.845671
48299,TX,Llano County,10902,13629,0.799912
48301,TX,Loving County,86,97,0.886598
48303,TX,Lubbock County,86547,125038,0.692166
48305,TX,Lynn County,2175,2567,0.847293
48307,TX,McCulloch County,3033,3513,0.863365
48309,TX,McLennan County,64606,99672,0.648186
48311,TX,McMullen County,448,487,0.919918
48313,TX,Madison County,4498,5489,0.819457
48315,TX,Marion County,3577,4714,0.758804
48317,TX,Martin County,1825,2083,0.876140
48319,TX,Mason County,2076,2527,0.821528
48321,TX,Matagorda County,9957,13312,0.747972
48323,TX,Maverick County,9285,15745,0.589711
48325,TX,Medina County,17464,24617,0.709428
48327,TX,Menard County,861,1040,0.827885
48329,TX,Midland County,46944,58808,0.798259
48331,TX,Milam County,8691,11098,0.783114
48333,TX,Mills County,2418,2742,0.881838
48335,TX,Mitchell County,2144,2513,0.853164
48337,TX,Montague County,9825,11101,0.885055
48339,TX,Montgomery County,221964,307258,0.722403
48341,TX,Moore County,4458,5362,0.831406
48343,TX,Morris County,4092,5434,0.753036
48345,TX,Motley County,612,650,0.941538
48347,TX,Nacogdoches County,17575,25486,0.689594
48349,TX,Navarro County,14983,19831,0.755534
48351,TX,Newton County,4781,5749,0.831623
48353,TX,Nolan County,4048,5115,0.791398
48355,TX,Nueces County,67201,121678,0.552286
48357,TX,Ochiltree County,2723,3010,0.904651
48359,TX,Oldham County,895,974,0.918891
48361,TX,Orange County,30191,36338,0.830838
48363,TX,Palo Pinto County,11093,13336,0.831809
48365,TX,Panola County,9500,11439,0.830492
48367,TX,Parker County,75168,90840,0.827477
48369,TX,Parmer County,2123,2504,0.847843
48371,TX,Pecos County,3042,4233,0.718639
48373,TX,Polk County,19216,24292,0.791042
48375,TX,Potter County,23007,32121,0.716260
48377,TX,Presidio County,686,1994,0.344032
48379,TX,Rains County,5649,6556,0.861653
48381,TX,Randall County,53314,66901,0.796909
48383,TX,Reagan County,800,949,0.842993
48385,TX,Real County,1625,1958,0.829928
48387,TX,Red River County,4682,5796,0.807798
48389,TX,Reeves County,2340,3439,0.680430
48391,TX,Refugio County,2134,3075,0.693984
48393,TX,Roberts County,547,572,0.956294
48395,TX,Robertson County,6177,8158,0.757171
48397,TX,Rockwall County,43542,62269,0.699256
48399,TX,Runnels County,3580,4056,0.882643
48401,TX,Rusk County,17234,21706,0.793974
48403,TX,Sabine County,4972,5581,0.890880
48405,TX,San Augustine County,2917,3747,0.778489
48407,TX,San Jacinto County,10524,12789,0.822895
48409,TX,San Patricio County,17337,25579,0.677783
48411,TX,San Saba County,2412,2709,0.890365
48413,TX,Schleicher County,906,1108,0.817690
48415,TX,Scurry County,4945,5721,0.864359
48417,TX,Shackelford County,1565,1728,0.905671
48419,TX,Shelby County,8164,9948,0.820667
48421,TX,Sherman County,817,873,0.935853
48423,TX,Smith County,74862,103879,0.720665
48425,TX,Somervell County,4493,5294,0.848697
48427,TX,Starr County,9487,16421,0.577736
48429,TX,Stephens County,3368,3761,0.895507
48431,TX,Sterling County,583,629,0.926868
48433,TX,Stonewall County,604,716,0.843575
48435,TX,Sutton County,1167,1400,0.833571
48437,TX,Swisher County,1840,2265,0.812362
48439,TX,Tarrant County,426626,823312,0.518183
48441,TX,Taylor County,41198,55417,0.743418
48443,TX,Terrell County,314,405,0.775309
48445,TX,Terry County,2815,3420,0.823099
48447,TX,Throckmorton County,823,900,0.914444
48449,TX,Titus County,7861,10214,0.769630
48451,TX,Tom Green County,33399,45460,0.734690
48453,TX,Travis County,170787,581276,0.293814
48455,TX,Trinity County,6136,7374,0.832113
48457,TX,Tyler County,8286,9578,0.865108
48459,TX,Upshur County,16939,19887,0.851762
48461,TX,Upton County,1149,1303,0.881811
48463,TX,Uvalde County,6482,9772,0.663324
48465,TX,Val Verde County,9162,14588,0.628050
48467,TX,Van Zandt County,24351,27950,0.871234
48469,TX,Victoria County,25010,35315,0.708198
48471,TX,Walker County,17515,25175,0.695730
48473,TX,Waller County,17077,27561,0.619607
48475,TX,Ward County,3115,3765,0.827357
48477,TX,Washington County,14020,18217,0.769611
48479,TX,Webb County,33384,65865,0.506855
48481,TX,Wharton County,12439,16453,0.756032
48483,TX,Wheeler County,2093,2274,0.920405
48485,TX,Wichita County,31818,44530,0.714530
48487,TX,Wilbarger County,3566,4467,0.798299
48489,TX,Willacy County,2856,5563,0.513392
48491,TX,Williamson County,155310,308469,0.503487
48493,TX,Wilson County,20894,27275,0.766049
48495,TX,Winkler County,1646,1933,0.851526
48497,TX,Wise County,32385,38243,0.846822
48499,TX,Wood County,20621,24386,0.845608
48501,TX,Yoakum County,2039,2393,0.852069
48503,TX,Young County,7298,8314,0.877796
48505,TX,Zapata County,2970,4871,0.609731
48507,TX,Zavala County,1482,3492,0.424399
49001,UT,Beaver County,2781,3212,0.865816
49003,UT,Box Elder County,22853,28920,0.790214
49005,UT,Cache County,39457,60258,0.654801
49007,UT,Carbon County,6719,9445,0.711382
49009,UT,Daggett County,443,550,0.805455
49011,UT,Davis County,101293,166570,0.608111
49013,UT,Duchesne County,7815,8968,0.871432
49015,UT,Emery County,4341,5011,0.866294
49017,UT,Garfield County,2211,2811,0.786553
49019,UT,Grand County,2327,5300,0.439057
49021,UT,Iron County,21571,27878,0.773764
49023,UT,Juab County,5671,6518,0.870052
49025,UT,Kane County,3277,4488,0.730169
49027,UT,Millard County,5558,6387,0.870205
49029,UT,Morgan County,5300,6760,0.784024
49031,UT,Piute County,854,963,0.886812
49033,UT,Rich County,1211,1447,0.836904
49035,UT,Salt Lake County,221555,509637,0.434731
49037,UT,San Juan County,3613,6329,0.570864
49039,UT,Sanpete County,10653,12944,0.823007
49041,UT,Sevier County,9526,10926,0.871865
49043,UT,Summit County,10783,25876,0.416718
49045,UT,Tooele County,23484,34006,0.690584
49047,UT,Uintah County,13599,15832,0.858957
49049,UT,Utah County,203476,298143,0.682478
49051,UT,Wasatch County,11495,18354,0.626294
49053,UT,Washington County,73165,97256,0.752293
49055,UT,Wayne County,1238,1651,0.749849
49057,UT,Weber County,67549,112054,0.602825
50001,VT,Addison County,7616,50133,0.151916
50003,VT,Bennington County,9404,60071,0.156548
50005,VT,Caledonia County,9885,53354,0.185272
50007,VT,Chittenden County,11439,104542,0.109420
50009,VT,Essex County,3148,17396,0.180961
50011,VT,Franklin County,8097,42825,0.189072
50013,VT,Grand Isle County,2725,13095,0.208095
50015,VT,Lamoille County,2673,15372,0.173888
50017,VT,Orange County,5963,42109,0.141609
50019,VT,Orleans County,7224,35191,0.205280
50021,VT,Rutland County,10289,50824,0.202444
50023,VT,Washington County,11700,75836,0.154280
50025,VT,Windham County,7306,47490,0.153843
50027,VT,Windsor County,10586,61623,0.171787
51001,VA,Accomack County,9659,17144,0.563404
51003,VA,Albemarle County,21513,66740,0.322340
51005,VA,Alleghany County,6093,8277,0.736136
51007,VA,Amelia County,5776,8032,0.719124
51009,VA,Amherst County,11742,17303,0.678611
51011,VA,Appomattox County,7243,9642,0.751193
51013,VA,Arlington County,25223,128362,0.196499
51015,VA,Augusta County,32429,44223,0.733306
51017,VA,Bath County,1976,2582,0.765298
51019,VA,Bedford County,38017,50830,0.747924
51021,VA,Bland County,2998,3548,0.844983
51023,VA,Botetourt County,15796,21893,0.721509
51025,VA,Brunswick County,3523,7738,0.455286
51027,VA,Buchanan County,7939,9327,0.851185
51029,VA,Buckingham County,4847,7915,0.612382
51031,VA,Campbell County,23032,31171,0.738892
51033,VA,Caroline County,9511,17653,0.538775
51035,VA,Carroll County,13152,16160,0.813861
51036,VA,Charles City County,1917,4341,0.441603
51037,VA,Charlotte County,3963,6006,0.659840
51041,VA,Chesterfield County,94030,209730,0.448338
51043,VA,Clarke County,5641,9782,0.576671
51045,VA,Craig County,2562,3121,0.820891
51047,VA,Culpeper County,17685,28553,0.619374
51049,VA,Cumberland County,3335,5486,0.607911
51051,VA,Dickenson County,5701,7047,0.808997
51053,VA,Dinwiddie County,9549,15589,0.612547
51057,VA,Essex County,3245,6064,0.535125
51059,VA,Fairfax County,181895,584387,0.311258
51061,VA,Fauquier County,26825,44537,0.602308
51063,VA,Floyd County,6551,9625,0.680623
51065,VA,Fluvanna County,8777,16678,0.526262
51067,VA,Franklin County,22319,30912,0.722017
51069,VA,Frederick County,33117,52040,0.636376
51071,VA,Giles County,7102,9234,0.769114
51073,VA,Gloucester County,15918,23149,0.687632
51075,VA,Goochland County,11521,19616,0.587327
51077,VA,Grayson County,6544,8104,0.807502
51079,VA,Greene County,7432,12038,0.617378
51081,VA,Greensville County,1936,4296,0.450652
51083,VA,Halifax County,10741,17844,0.601939
51085,VA,Hanover County,45569,73087,0.623490
51087,VA,Henrico County,62882,180642,0.348103
51089,VA,Henry County,16800,25413,0.661079
51091,VA,Highland County,1095,1529,0.716154
51093,VA,Isle of Wight County,14659,24672,0.594155
51095,VA,James City County,23575,50892,0.463236
51097,VA,King and Queen County,2608,4173,0.624970
51099,VA,King George County,9500,15362,0.618409
51101,VA,King William County,8080,11561,0.698901
51103,VA,Lancaster County,3866,7279,0.531117
51105,VA,Lee County,8674,10108,0.858132
51107,VA,Loudoun County,92107,228208,0.403610
51109,VA,Louisa County,15084,24067,0.626750
51111,VA,Lunenburg County,3594,5879,0.611328
51113,VA,Madison County,5671,8439,0.671999
51115,VA,Mathews County,4106,5929,0.692528
51117,VA,Mecklenburg County,9791,16266,0.601930
51119,VA,Middlesex County,4357,6882,0.633101
51121,VA,Montgomery County,22179,46767,0.474245
51125,VA,Nelson County,5004,9388,0.533021
51127,VA,New Kent County,10974,16744,0.655399
51131,VA,Northampton County,3183,6832,0.465896
51133,VA,Northumberland County,4938,8205,0.601828
51135,VA,Nottoway County,4168,6853,0.608201
51137,VA,Orange County,13764,22247,0.618690
51139,VA,Page County,10123,13211,0.766255
51141,VA,Patrick County,7746,9698,0.798721
51143,VA,Pittsylvania County,24310,34100,0.712903
51145,VA,Powhatan County,14918,20841,0.715801
51147,VA,Prince Edward County,4782,9424,0.507428
51149,VA,Prince George County,10590,17596,0.601841
51153,VA,Prince William County,90203,227591,0.396338
51155,VA,Pulaski County,12732,17690,0.719729
51157,VA,Rappahannock County,2943,5038,0.584160
51159,VA,Richmond County,2697,4161,0.648161
51161,VA,Roanoke County,34453,56789,0.606684
51163,VA,Rockbridge County,8468,12752,0.664053
51165,VA,Rockingham County,33033,48581,0.679957
51167,VA,Russell County,11303,13525,0.835712
51169,VA,Scott County,9392,11057,0.849417
51171,VA,Shenandoah County,17215,24380,0.706112
51173,VA,Smyth County,11521,14420,0.798960
51175,VA,Southampton County,6133,9831,0.623843
51177,VA,Spotsylvania County,42531,79209,0.536947
51179,VA,Stafford County,40590,83123,0.488313
51181,VA,Surry County,2205,4429,0.497855
51183,VA,Sussex County,2322,4892,0.474652
51185,VA,Tazewell County,16711,19858,0.841525
51187,VA,Warren County,15400,22561,0.682594
51191,VA,Washington County,22455,29412,0.763464
51193,VA,Westmoreland County,6003,10581,0.567338
51195,VA,Wise County,13655,16776,0.813960
51197,VA,Wythe County,12267,15439,0.794546
51199,VA,York County,20722,39540,0.524077
51510,VA,Alexandria city,16112,80062,0.201244
51520,VA,Bristol city,5197,7479,0.694879
51530,VA,Buena Vista city,2035,2853,0.713284
51540,VA,Charlottesville city,3428,23303,0.147106
51550,VA,Chesapeake city,60550,127493,0.474928
51570,VA,Colonial Heights city,5883,8941,0.657980
51580,VA,Covington city,1642,2475,0.663434
51590,VA,Danville city,6894,17667,0.390219
51595,VA,Emporia city,744,2178,0.341598
51600,VA,Fairfax city,4302,13445,0.319970
51610,VA,Falls Church city,1620,8969,0.180622
51620,VA,Franklin city,1476,3876,0.380805
51630,VA,Fredericksburg city,4480,13495,0.331975
51640,VA,Galax city,1946,2717,0.716231
51650,VA,Hampton city,18383,62632,0.293508
51660,VA,Harrisonburg city,6266,17245,0.363352
51670,VA,Hopewell city,3838,9006,0.426160
51678,VA,Lexington city,1030,2863,0.359762
51680,VA,Lynchburg city,19574,36715,0.533134
51683,VA,Manassas city,6670,16021,0.416329
51685,VA,Manassas Park city,2314,5967,0.387800
51690,VA,Martinsville city,2155,5658,0.380877
51700,VA,Newport News city,26385,75629,0.348874
51710,VA,Norfolk city,24377,85643,0.284635
51720,VA,Norton city,1174,1643,0.714547
51730,VA,Petersburg city,1702,13077,0.130152
51735,VA,Poquoson city,5800,8024,0.722832
51740,VA,Portsmouth city,12370,41252,0.299864
51750,VA,Radford city,3197,6550,0.488092
51760,VA,Richmond city,17041,108143,0.157578
51770,VA,Roanoke city,15787,42128,0.374739
51775,VA,Salem city,7769,13148,0.590888
51790,VA,Staunton city,5778,13562,0.426043
51800,VA,Suffolk city,22112,53352,0.414455
51810,VA,Virginia Beach city,109375,227770,0.480199
51820,VA,Waynesboro city,5882,11274,0.521731
51830,VA,Williamsburg city,2119,7851,0.269902
51840,VA,Winchester city,5252,11822,0.444256
53001,WA,Adams County,3767,5365,0.702144
53003,WA,Asotin County,7004,11468,0.610743
53005,WA,Benton County,59555,100693,0.591451
53007,WA,Chelan County,22363,42191,0.530042
53009,WA,Clallam County,21632,48663,0.444527
53011,WA,Clark County,123998,276578,0.448329
53013,WA,Columbia County,1737,2485,0.698994
53015,WA,Cowlitz County,34580,59325,0.582891
53017,WA,Douglas County,13095,21182,0.618214
53019,WA,Ferry County,2667,4119,0.647487
53021,WA,Franklin County,19086,31897,0.598363
53023,WA,Garfield County,973,1352,0.719675
53025,WA,Grant County,24326,36253,0.671007
53027,WA,Grays Harbor County,19432,37793,0.514169
53029,WA,Island County,20967,52449,0.399760
53031,WA,Jefferson County,6324,24698,0.256053
53033,WA,King County,252193,1130502,0.223081
53035,WA,Kitsap County,59080,156872,0.376613
53037,WA,Kittitas County,14645,26499,0.552662
53039,WA,Klickitat County,7178,13607,0.527523
53041,WA,Lewis County,29322,45338,0.646742
53043,WA,Lincoln County,5272,7144,0.737962
53045,WA,Mason County,18127,36689,0.494072
53047,WA,Okanogan County,11555,20732,0.557351
53049,WA,Pacific County,7010,14244,0.492137
53051,WA,Pend Oreille County,5826,8545,0.681802
53053,WA,Pierce County,188194,439581,0.428121
53055,WA,San Juan County,2890,13006,0.222205
53057,WA,Skagit County,30765,70256,0.437899
53059,WA,Skamania County,3961,7355,0.538545
53061,WA,Snohomish County,161371,418221,0.385851
53063,WA,Spokane County,145338,287082,0.506260
53065,WA,Stevens County,19895,28246,0.704348
53067,WA,Thurston County,62282,164537,0.378529
53069,WA,Wahkiakum County,1757,3062,0.573808
53071,WA,Walla Walla County,15476,29568,0.523404
53073,WA,Whatcom County,49213,137868,0.356957
53075,WA,Whitman County,8699,20027,0.434364
53077,WA,Yakima County,49368,88751,0.556253
54001,WV,Barbour County,5071,12790,0.396482
54003,WV,Berkeley County,37580,112204,0.334926
54005,WV,Boone County,6314,16284,0.387743
54007,WV,Braxton County,3991,10626,0.375588
54009,WV,Brooke County,6986,19564,0.357084
54011,WV,Cabell County,21229,70858,0.299599
54013,WV,Calhoun County,2391,5872,0.407187
54015,WV,Clay County,2597,6480,0.400772
54017,WV,Doddridge County,2541,5912,0.429804
54019,WV,Fayette County,10910,31240,0.349232
54021,WV,Gilmer County,1822,4688,0.388652
54023,WV,Grant County,4949,11136,0.444415
54025,WV,Greenbrier County,10517,29992,0.350660
54027,WV,Hampshire County,8464,21000,0.403048
54029,WV,Hancock County,9462,26060,0.363085
54031,WV,Hardy County,4997,12822,0.389721
54033,WV,Harrison County,20480,58990,0.347177
54035,WV,Jackson County,9907,25644,0.386328
54037,WV,Jefferson County,16573,58312,0.284213
54039,WV,Kanawha County,43352,150478,0.288095
54041,WV,Lewis County,5550,14096,0.393729
54043,WV,Lincoln County,5770,14374,0.401419
54045,WV,Logan County,9500,22938,0.414160
54047,WV,McDowell County,4310,10850,0.397235
54049,WV,Marion County,15881,49268,0.322339
54051,WV,Marshall County,9808,26466,0.370589
54053,WV,Mason County,8232,21094,0.390253
54055,WV,Mercer County,18372,47168,0.389501
54057,WV,Mineral County,10247,25808,0.397047
54059,WV,Mingo County,7325,16980,0.431390
54061,WV,Monongalia County,21084,82904,0.254318
54063,WV,Monroe County,5089,12734,0.399639
54065,WV,Morgan County,7009,18194,0.385237
54067,WV,Nicholas County,7960,20074,0.396533
54069,WV,Ohio County,11593,37378,0.310156
54071,WV,Pendleton County,2687,6850,0.392263
54073,WV,Pleasants County,2632,6696,0.393070
54075,WV,Pocahontas County,2889,7802,0.370290
54077,WV,Preston County,11176,28852,0.387356
54079,WV,Putnam County,19868,55014,0.361144
54081,WV,Raleigh County,23644,61932,0.381774
54083,WV,Randolph County,8356,23188,0.360359
54085,WV,Ritchie County,3473,8100,0.428765
54087,WV,Roane County,4189,11042,0.379370
54089,WV,Summers County,3931,10528,0.373385
54091,WV,Taylor County,5422,14530,0.373159
54093,WV,Tucker County,2669,7272,0.367024
54095,WV,Tyler County,2991,7234,0.413464
54097,WV,Upshur County,7633,19718,0.387108
54099,WV,Wayne County,11934,31494,0.378929
54101,WV,Webster County,2478,5996,0.413276
54103,WV,Wetzel County,4718,12336,0.382458
54105,WV,Wirt County,2120,5162,0.410694
54107,WV,Wood County,26380,74626,0.353496
54109,WV,Wyoming County,6503,15130,0.429808
55001,WI,Adams County,7763,25764,0.301312
55003,WI,Ashland County,4191,17910,0.234003
55005,WI,Barron County,16726,53618,0.311947
55007,WI,Bayfield County,4860,22480,0.216192
55009,WI,Brown County,79132,298666,0.264951
55011,WI,Buffalo County,5213,16200,0.321790
55013,WI,Burnett County,7008,21620,0.324144
55015,WI,Calumet County,19488,65832,0.296026
55017,WI,Chippewa County,23399,76942,0.304112
55019,WI,Clark County,10481,30680,0.341623
55021,WI,Columbia County,17988,69828,0.257604
55023,WI,Crawford County,5113,18210,0.280780
55025,WI,Dane County,85454,731858,0.116763
55027,WI,Dodge County,33067,100600,0.328698
55029,WI,Door County,10099,41888,0.241095
55031,WI,Douglas County,11732,50468,0.232464
55033,WI,Dunn County,14726,51356,0.286744
55035,WI,Eau Claire County,27728,126354,0.219447
55037,WI,Florence County,2356,6316,0.373021
55039,WI,Fond du Lac County,37272,117054,0.318417
55041,WI,Forest County,3382,10194,0.331764
55043,WI,Grant County,15922,54612,0.291548
55045,WI,Green County,10843,44152,0.245583
55047,WI,Green Lake County,7458,22104,0.337405
55049,WI,Iowa County,6631,29354,0.225898
55051,WI,Iron County,2557,8168,0.313051
55053,WI,Jackson County,6204,21004,0.295372
55055,WI,Jefferson County,28771,100292,0.286872
55057,WI,Juneau County,9525,29106,0.327252
55059,WI,Kenosha County,47478,181360,0.261789
55061,WI,Kewaunee County,8267,24968,0.331104
55063,WI,La Crosse County,32247,144522,0.223129
55065,WI,Lafayette County,5256,17664,0.297554
55067,WI,Langlade County,7782,23328,0.333591
55069,WI,Lincoln County,10633,34418,0.308937
55071,WI,Manitowoc County,28200,92632,0.304430
55073,WI,Marathon County,46213,157652,0.293133
55075,WI,Marinette County,16670,48830,0.341388
55077,WI,Marquette County,6041,18854,0.320409
55078,WI,Menominee County,296,3144,0.094148
55079,WI,Milwaukee County,138022,928214,0.148696
55081,WI,Monroe County,14563,46738,0.311588
55083,WI,Oconto County,17675,49824,0.354749
55085,WI,Oneida County,14455,49790,0.290319
55087,WI,Outagamie County,60827,223864,0.271714
55089,WI,Ozaukee County,34504,126944,0.271805
55091,WI,Pepin County,2798,8708,0.321314
55093,WI,Pierce County,14417,50784,0.283889
55095,WI,Polk County,18296,56444,0.324144
55097,WI,Portage County,20987,86516,0.242579
55099,WI,Price County,5763,17712,0.325373
55101,WI,Racine County,56347,215372,0.261626
55103,WI,Richland County,5207,18646,0.279256
55105,WI,Rock County,40218,176620,0.227709
55107,WI,Rusk County,5660,16540,0.342201
55109,WI,St. Croix County,35537,121284,0.293006
55111,WI,Sauk County,18798,75168,0.250080
55113,WI,Sawyer County,6422,22280,0.288241
55115,WI,Shawano County,15850,47000,0.337234
55117,WI,Sheboygan County,38763,135124,0.286870
55119,WI,Taylor County,8209,22372,0.366932
55121,WI,Trempealeau County,9661,32158,0.300423
55123,WI,Vernon County,8807,33218,0.265127
55125,WI,Vilas County,9837,32270,0.304834
55127,WI,Walworth County,36603,121194,0.302020
55129,WI,Washburn County,6962,21956,0.317089
55131,WI,Washington County,61604,182814,0.336976
55133,WI,Waukesha County,162768,551574,0.295097
55135,WI,Waupaca County,20093,60806,0.330444
55137,WI,Waushara County,9625,28726,0.335062
55139,WI,Winnebago County,49179,190742,0.257830
55141,WI,Wood County,24997,84432,0.296061
56001,WY,Albany County,8930,17993,0.496304
56003,WY,Big Horn County,4867,5788,0.840878
56005,WY,Campbell County,16006,18450,0.867534
56007,WY,Carbon County,4952,6446,0.768228
56009,WY,Converse County,5756,6780,0.848968
56011,WY,Crook County,3805,4368,0.871108
56013,WY,Fremont County,11552,17396,0.664061
56015,WY,Goshen County,4893,6214,0.787416
56017,WY,Hot Springs County,2082,2643,0.787741
56019,WY,Johnson County,3936,4955,0.794349
56021,WY,Laramie County,28063,43607,0.643543
56023,WY,Lincoln County,8957,10940,0.818739
56025,WY,Natrona County,24671,34206,0.721248
56027,WY,Niobrara County,1108,1244,0.890675
56029,WY,Park County,13084,16876,0.775302
56031,WY,Platte County,3874,4805,0.806243
56033,WY,Sheridan County,12041,16577,0.726368
56035,WY,Sublette County,3905,4972,0.785398
56037,WY,Sweetwater County,12541,16819,0.745645
56039,WY,Teton County,4134,13424,0.307956
56041,WY,Uinta County,7282,9170,0.794111
56043,WY,Washakie County,3125,3917,0.797804
56045,WY,Weston County,3069,3533,0.868667
